{
"lengthUnit": "mil",
"components": {
	"fields": ["COMPONENT_NO", "COMPONENT_NAME", "LAYER", "X_COORDINATE", "Y_COORDINATE", "ANGLE"],
	"rows": [
		[1, "D1", "T", 2631.89, -1127.95, 0],
		[2, "D2", "T", 3101.87, -1127.95, 0],
		[3, "D3", "T", 3571.85, -1127.95, 0],
		[4, "D4", "T", 4041.83, -1127.95, 0],
		[5, "D5", "T", 4511.81, -1127.95, 0],
		[6, "D6", "T", 4981.79, -1127.95, 0],
		[7, "D7", "T", 5451.77, -1127.95, 0],
		[8, "D8", "T", 5921.75, -1127.95, 0],
		[9, "D9", "T", 6391.73, -1127.95, 0],
		[10, "D10", "T", 6861.71, -1127.95, 0],
		[11, "D11", "T", 7331.69, -1127.95, 0],
		[12, "D12", "T", 7430, -1835, 0],
		[13, "D13", "T", 7425.69, -1315.94, 0],
		[14, "D14", "T", 2725.89, -1315.94, 0],
		[15, "D15", "T", 3195.87, -1315.94, 0],
		[16, "D16", "T", 3665.85, -1315.94, 0],
		[17, "D17", "T", 4135.83, -1315.94, 0],
		[18, "D18", "T", 4605.81, -1315.94, 0],
		[19, "D19", "T", 5075.79, -1315.94, 0],
		[20, "D20", "T", 5545.77, -1315.94, 0],
		[21, "D21", "T", 6015.75, -1315.94, 0],
		[22, "D22", "T", 6485.73, -1315.94, 0],
		[23, "D23", "T", 6955.71, -1315.94, 0],
		[24, "D24", "T", 6870, -1845, 0],
		[25, "D25", "T", 2819.88, -1503.94, 0],
		[26, "D26", "T", 3289.86, -1503.94, 0],
		[27, "D27", "T", 3759.84, -1503.94, 0],
		[28, "D28", "T", 4229.82, -1503.94, 0],
		[29, "D29", "T", 4699.8, -1503.94, 0],
		[30, "D30", "T", 5169.78, -1503.94, 0],
		[31, "D31", "T", 5639.76, -1503.94, 0],
		[32, "D32", "T", 6109.74, -1503.94, 0],
		[33, "D33", "T", 6579.72, -1503.94, 0],
		[34, "D34", "T", 7049.7, -1503.94, 0],
		[35, "D35", "T", 7519.69, -1503.94, 0],
		[36, "D36", "T", 6305, -1830, 0],
		[37, "D37", "T", 5690, -1680, 0],
		[38, "D38", "T", 2913.88, -1691.93, 0],
		[39, "D39", "T", 3383.86, -1691.93, 0],
		[40, "D40", "T", 3853.84, -1691.93, 0],
		[41, "D41", "T", 4315, -1705, 0],
		[42, "D42", "T", 4830, -1660, 0],
		[43, "D43", "T", 5285, -1705, 0],
		[44, "D44", "T", 7140, -1685, 0],
		[45, "D45", "T", 7535, -1690, 0],
		[46, "D46", "T", 6670, -1675, 0],
		[47, "D47", "T", 6145, -1685, 0],
		[48, "J1", "T", 2240, -1555, 180],
		[49, "REF**", "T", 9869.59, -1409.94, 0],
		[50, "REF**N1", "T", 2445, -1410, 0],
		[51, "SW1", "T", 1615, -2055, 0],
		[52, "SW2", "T", 2543.9, -2055.91, 0],
		[53, "SW3", "T", 3295.87, -2055.91, 0],
		[54, "SW4", "T", 4047.83, -2055.91, 0],
		[55, "SW5", "T", 4799.8, -2055.91, 0],
		[56, "SW6", "T", 5551.77, -2055.91, 0],
		[57, "SW7", "T", 6303.74, -2055.91, 0],
		[58, "SW8", "T", 7055.71, -2055.91, 0],
		[59, "SW9", "T", 7807.68, -2055.91, 0],
		[60, "SW10", "T", 8559.65, -2055.91, 0],
		[61, "SW11", "T", 9311.61, -2055.91, 0],
		[62, "SW12", "T", 10251.57, -2055.91, 0],
		[63, "SW13", "T", 10345.57, -2807.87, 0],
		[64, "SW14", "T", 1697.93, -2807.87, 0],
		[65, "SW15", "T", 1503.94, -2807.87, 0],
		[66, "SW16", "T", 2731.89, -2807.87, 0],
		[67, "SW17", "T", 3483.86, -2807.87, 0],
		[68, "SW18", "T", 4235.83, -2807.87, 0],
		[69, "SW19", "T", 4987.8, -2807.87, 0],
		[70, "SW20", "T", 5739.76, -2807.87, 0],
		[71, "SW21", "T", 6491.73, -2807.87, 0],
		[72, "SW22", "T", 7243.7, -2807.87, 0],
		[73, "SW23", "T", 7995.67, -2807.87, 0],
		[74, "SW24", "T", 8747.64, -2807.87, 0],
		[75, "SW25", "T", 9499.61, -2807.87, 0],
		[76, "SW26", "T", 9969.59, -2807.87, 0],
		[77, "SW27", "T", 1885.93, -3559.06, 0],
		[78, "SW28", "T", 1509.94, -3559.84, 0],
		[79, "SW29", "T", 2355.91, -3559.84, 0],
		[80, "SW30", "T", 3107.87, -3559.84, 0],
		[81, "SW31", "T", 3859.84, -3559.84, 0],
		[82, "SW32", "T", 4611.81, -3559.84, 0],
		[83, "SW33", "T", 5363.78, -3559.84, 0],
		[84, "SW34", "T", 6115.75, -3559.84, 0],
		[85, "SW35", "T", 6867.72, -3559.84, 0],
		[86, "SW36", "T", 7619.69, -3559.84, 0],
		[87, "SW37", "T", 8371.65, -3559.84, 0],
		[88, "SW38", "T", 9123.62, -3559.84, 0],
		[89, "SW39", "T", 10157.58, -3559.84, 0],
		[90, "SW40", "T", 3107.87, -4311.81, 0],
		[91, "SW41", "T", 5740.16, -4313.78, 0],
		[92, "SW42", "T", 8653.64, -4311.81, 0],
		[93, "SW43", "T", 1509.94, -4311.81, 0],
		[94, "SW44", "T", 2355.91, -4311.81, 0],
		[95, "SW45", "T", 3201.87, -4311.81, 0],
		[96, "SW46", "T", 4521.65, -4292.52, 0],
		[97, "SW47", "T", 5833.76, -4292.2, 0],
		[98, "SW48", "T", 7146.46, -4291.42, 0],
		[99, "SW49", "T", 9499.61, -4311.81, 0],
		[100, "SW50", "T", 10345.57, -4311.81, 0],
		[101, "SW51", "T", 8675, -1435, 270],
		[102, "SW52", "T", 9270, -1635, 180],
		[103, "SW53", "T", 8080, -1435, 270],
		[104, "SW54", "T", 10210, -1645, 180],
		[105, "U1", "B", 1695, -1410, 0]
	]
},
"pins": {
	"fields": ["PIN_NO", "PIN_NAME", "PIN_X", "PIN_Y", "LAYER", "PIN_TYPE", "NET_NAME", "NET_TYPE", "PAD_SHAPE", "PAD_SIZEX", "PAD_SIZEY", "HOLE_SIZE", "PAD_ANGLE"],
	"rows": [
		[1, "D1_1", 2481.89, -1127.95, "T", "DIP", "ROWA", "", "C", 65, 65, 39, 0],
		[2, "D1_1", 2481.89, -1127.95, "B", "DIP", "ROWA", "", "C", 65, 65, 39, 0],
		[3, "D1_2", 2781.89, -1127.95, "T", "DIP", "NET-(D1-PAD2)", "", "R", 65, 65, 39, 0],
		[4, "D1_2", 2781.89, -1127.95, "B", "DIP", "NET-(D1-PAD2)", "", "R", 65, 65, 39, 0],
		[5, "D2_1", 2951.87, -1127.95, "T", "DIP", "ROWB", "", "C", 65, 65, 39, 0],
		[6, "D2_1", 2951.87, -1127.95, "B", "DIP", "ROWB", "", "C", 65, 65, 39, 0],
		[7, "D2_2", 3251.87, -1127.95, "T", "DIP", "NET-(D2-PAD2)", "", "R", 65, 65, 39, 0],
		[8, "D2_2", 3251.87, -1127.95, "B", "DIP", "NET-(D2-PAD2)", "", "R", 65, 65, 39, 0],
		[9, "D3_1", 3421.85, -1127.95, "T", "DIP", "ROWA", "", "C", 65, 65, 39, 0],
		[10, "D3_1", 3421.85, -1127.95, "B", "DIP", "ROWA", "", "C", 65, 65, 39, 0],
		[11, "D3_2", 3721.85, -1127.95, "T", "DIP", "NET-(D3-PAD2)", "", "R", 65, 65, 39, 0],
		[12, "D3_2", 3721.85, -1127.95, "B", "DIP", "NET-(D3-PAD2)", "", "R", 65, 65, 39, 0],
		[13, "D4_1", 3891.83, -1127.95, "T", "DIP", "ROWB", "", "C", 65, 65, 39, 0],
		[14, "D4_1", 3891.83, -1127.95, "B", "DIP", "ROWB", "", "C", 65, 65, 39, 0],
		[15, "D4_2", 4191.83, -1127.95, "T", "DIP", "NET-(D4-PAD2)", "", "R", 65, 65, 39, 0],
		[16, "D4_2", 4191.83, -1127.95, "B", "DIP", "NET-(D4-PAD2)", "", "R", 65, 65, 39, 0],
		[17, "D5_1", 4361.81, -1127.95, "T", "DIP", "ROWA", "", "C", 65, 65, 39, 0],
		[18, "D5_1", 4361.81, -1127.95, "B", "DIP", "ROWA", "", "C", 65, 65, 39, 0],
		[19, "D5_2", 4661.81, -1127.95, "T", "DIP", "NET-(D5-PAD2)", "", "R", 65, 65, 39, 0],
		[20, "D5_2", 4661.81, -1127.95, "B", "DIP", "NET-(D5-PAD2)", "", "R", 65, 65, 39, 0],
		[21, "D6_1", 4831.79, -1127.95, "T", "DIP", "ROWB", "", "C", 65, 65, 39, 0],
		[22, "D6_1", 4831.79, -1127.95, "B", "DIP", "ROWB", "", "C", 65, 65, 39, 0],
		[23, "D6_2", 5131.79, -1127.95, "T", "DIP", "NET-(D6-PAD2)", "", "R", 65, 65, 39, 0],
		[24, "D6_2", 5131.79, -1127.95, "B", "DIP", "NET-(D6-PAD2)", "", "R", 65, 65, 39, 0],
		[25, "D7_1", 5301.77, -1127.95, "T", "DIP", "ROWA", "", "C", 65, 65, 39, 0],
		[26, "D7_1", 5301.77, -1127.95, "B", "DIP", "ROWA", "", "C", 65, 65, 39, 0],
		[27, "D7_2", 5601.77, -1127.95, "T", "DIP", "NET-(D7-PAD2)", "", "R", 65, 65, 39, 0],
		[28, "D7_2", 5601.77, -1127.95, "B", "DIP", "NET-(D7-PAD2)", "", "R", 65, 65, 39, 0],
		[29, "D8_1", 5771.75, -1127.95, "T", "DIP", "ROWB", "", "C", 65, 65, 39, 0],
		[30, "D8_1", 5771.75, -1127.95, "B", "DIP", "ROWB", "", "C", 65, 65, 39, 0],
		[31, "D8_2", 6071.75, -1127.95, "T", "DIP", "NET-(D8-PAD2)", "", "R", 65, 65, 39, 0],
		[32, "D8_2", 6071.75, -1127.95, "B", "DIP", "NET-(D8-PAD2)", "", "R", 65, 65, 39, 0],
		[33, "D9_1", 6241.73, -1127.95, "T", "DIP", "ROWA", "", "C", 65, 65, 39, 0],
		[34, "D9_1", 6241.73, -1127.95, "B", "DIP", "ROWA", "", "C", 65, 65, 39, 0],
		[35, "D9_2", 6541.73, -1127.95, "T", "DIP", "NET-(D9-PAD2)", "", "R", 65, 65, 39, 0],
		[36, "D9_2", 6541.73, -1127.95, "B", "DIP", "NET-(D9-PAD2)", "", "R", 65, 65, 39, 0],
		[37, "D10_1", 6711.71, -1127.95, "T", "DIP", "ROWB", "", "C", 65, 65, 39, 0],
		[38, "D10_1", 6711.71, -1127.95, "B", "DIP", "ROWB", "", "C", 65, 65, 39, 0],
		[39, "D10_2", 7011.71, -1127.95, "T", "DIP", "NET-(D10-PAD2)", "", "R", 65, 65, 39, 0],
		[40, "D10_2", 7011.71, -1127.95, "B", "DIP", "NET-(D10-PAD2)", "", "R", 65, 65, 39, 0],
		[41, "D11_1", 7181.69, -1127.95, "T", "DIP", "ROWA", "", "C", 65, 65, 39, 0],
		[42, "D11_1", 7181.69, -1127.95, "B", "DIP", "ROWA", "", "C", 65, 65, 39, 0],
		[43, "D11_2", 7481.69, -1127.95, "T", "DIP", "NET-(D11-PAD2)", "", "R", 65, 65, 39, 0],
		[44, "D11_2", 7481.69, -1127.95, "B", "DIP", "NET-(D11-PAD2)", "", "R", 65, 65, 39, 0],
		[45, "D12_1", 7280, -1835, "T", "DIP", "ROWB", "", "C", 65, 65, 39, 0],
		[46, "D12_1", 7280, -1835, "B", "DIP", "ROWB", "", "C", 65, 65, 39, 0],
		[47, "D12_2", 7580, -1835, "T", "DIP", "NET-(D12-PAD2)", "", "R", 65, 65, 39, 0],
		[48, "D12_2", 7580, -1835, "B", "DIP", "NET-(D12-PAD2)", "", "R", 65, 65, 39, 0],
		[49, "D13_1", 7275.69, -1315.94, "T", "DIP", "ROWC", "", "C", 65, 65, 39, 0],
		[50, "D13_1", 7275.69, -1315.94, "B", "DIP", "ROWC", "", "C", 65, 65, 39, 0],
		[51, "D13_2", 7575.69, -1315.94, "T", "DIP", "NET-(D13-PAD2)", "", "R", 65, 65, 39, 0],
		[52, "D13_2", 7575.69, -1315.94, "B", "DIP", "NET-(D13-PAD2)", "", "R", 65, 65, 39, 0],
		[53, "D14_1", 2575.89, -1315.94, "T", "DIP", "ROWC", "", "C", 65, 65, 39, 0],
		[54, "D14_1", 2575.89, -1315.94, "B", "DIP", "ROWC", "", "C", 65, 65, 39, 0],
		[55, "D14_2", 2875.89, -1315.94, "T", "DIP", "NET-(D14-PAD2)", "", "R", 65, 65, 39, 0],
		[56, "D14_2", 2875.89, -1315.94, "B", "DIP", "NET-(D14-PAD2)", "", "R", 65, 65, 39, 0],
		[57, "D15_1", 3045.87, -1315.94, "T", "DIP", "ROWD", "", "C", 65, 65, 39, 0],
		[58, "D15_1", 3045.87, -1315.94, "B", "DIP", "ROWD", "", "C", 65, 65, 39, 0],
		[59, "D15_2", 3345.87, -1315.94, "T", "DIP", "NET-(D15-PAD2)", "", "R", 65, 65, 39, 0],
		[60, "D15_2", 3345.87, -1315.94, "B", "DIP", "NET-(D15-PAD2)", "", "R", 65, 65, 39, 0],
		[61, "D16_1", 3515.85, -1315.94, "T", "DIP", "ROWC", "", "C", 65, 65, 39, 0],
		[62, "D16_1", 3515.85, -1315.94, "B", "DIP", "ROWC", "", "C", 65, 65, 39, 0],
		[63, "D16_2", 3815.85, -1315.94, "T", "DIP", "NET-(D16-PAD2)", "", "R", 65, 65, 39, 0],
		[64, "D16_2", 3815.85, -1315.94, "B", "DIP", "NET-(D16-PAD2)", "", "R", 65, 65, 39, 0],
		[65, "D17_1", 3985.83, -1315.94, "T", "DIP", "ROWD", "", "C", 65, 65, 39, 0],
		[66, "D17_1", 3985.83, -1315.94, "B", "DIP", "ROWD", "", "C", 65, 65, 39, 0],
		[67, "D17_2", 4285.83, -1315.94, "T", "DIP", "NET-(D17-PAD2)", "", "R", 65, 65, 39, 0],
		[68, "D17_2", 4285.83, -1315.94, "B", "DIP", "NET-(D17-PAD2)", "", "R", 65, 65, 39, 0],
		[69, "D18_1", 4455.81, -1315.94, "T", "DIP", "ROWC", "", "C", 65, 65, 39, 0],
		[70, "D18_1", 4455.81, -1315.94, "B", "DIP", "ROWC", "", "C", 65, 65, 39, 0],
		[71, "D18_2", 4755.81, -1315.94, "T", "DIP", "NET-(D18-PAD2)", "", "R", 65, 65, 39, 0],
		[72, "D18_2", 4755.81, -1315.94, "B", "DIP", "NET-(D18-PAD2)", "", "R", 65, 65, 39, 0],
		[73, "D19_1", 4925.79, -1315.94, "T", "DIP", "ROWD", "", "C", 65, 65, 39, 0],
		[74, "D19_1", 4925.79, -1315.94, "B", "DIP", "ROWD", "", "C", 65, 65, 39, 0],
		[75, "D19_2", 5225.79, -1315.94, "T", "DIP", "NET-(D19-PAD2)", "", "R", 65, 65, 39, 0],
		[76, "D19_2", 5225.79, -1315.94, "B", "DIP", "NET-(D19-PAD2)", "", "R", 65, 65, 39, 0],
		[77, "D20_1", 5395.77, -1315.94, "T", "DIP", "ROWC", "", "C", 65, 65, 39, 0],
		[78, "D20_1", 5395.77, -1315.94, "B", "DIP", "ROWC", "", "C", 65, 65, 39, 0],
		[79, "D20_2", 5695.77, -1315.94, "T", "DIP", "NET-(D20-PAD2)", "", "R", 65, 65, 39, 0],
		[80, "D20_2", 5695.77, -1315.94, "B", "DIP", "NET-(D20-PAD2)", "", "R", 65, 65, 39, 0],
		[81, "D21_1", 5865.75, -1315.94, "T", "DIP", "ROWD", "", "C", 65, 65, 39, 0],
		[82, "D21_1", 5865.75, -1315.94, "B", "DIP", "ROWD", "", "C", 65, 65, 39, 0],
		[83, "D21_2", 6165.75, -1315.94, "T", "DIP", "NET-(D21-PAD2)", "", "R", 65, 65, 39, 0],
		[84, "D21_2", 6165.75, -1315.94, "B", "DIP", "NET-(D21-PAD2)", "", "R", 65, 65, 39, 0],
		[85, "D22_1", 6335.73, -1315.94, "T", "DIP", "ROWC", "", "C", 65, 65, 39, 0],
		[86, "D22_1", 6335.73, -1315.94, "B", "DIP", "ROWC", "", "C", 65, 65, 39, 0],
		[87, "D22_2", 6635.73, -1315.94, "T", "DIP", "NET-(D22-PAD2)", "", "R", 65, 65, 39, 0],
		[88, "D22_2", 6635.73, -1315.94, "B", "DIP", "NET-(D22-PAD2)", "", "R", 65, 65, 39, 0],
		[89, "D23_1", 6805.71, -1315.94, "T", "DIP", "ROWD", "", "C", 65, 65, 39, 0],
		[90, "D23_1", 6805.71, -1315.94, "B", "DIP", "ROWD", "", "C", 65, 65, 39, 0],
		[91, "D23_2", 7105.71, -1315.94, "T", "DIP", "NET-(D23-PAD2)", "", "R", 65, 65, 39, 0],
		[92, "D23_2", 7105.71, -1315.94, "B", "DIP", "NET-(D23-PAD2)", "", "R", 65, 65, 39, 0],
		[93, "D24_1", 6720, -1845, "T", "DIP", "ROWD", "", "C", 65, 65, 39, 0],
		[94, "D24_1", 6720, -1845, "B", "DIP", "ROWD", "", "C", 65, 65, 39, 0],
		[95, "D24_2", 7020, -1845, "T", "DIP", "NET-(D24-PAD2)", "", "R", 65, 65, 39, 0],
		[96, "D24_2", 7020, -1845, "B", "DIP", "NET-(D24-PAD2)", "", "R", 65, 65, 39, 0],
		[97, "D25_1", 2669.88, -1503.94, "T", "DIP", "ROWE", "", "C", 65, 65, 39, 0],
		[98, "D25_1", 2669.88, -1503.94, "B", "DIP", "ROWE", "", "C", 65, 65, 39, 0],
		[99, "D25_2", 2969.88, -1503.94, "T", "DIP", "NET-(D25-PAD2)", "", "R", 65, 65, 39, 0],
		[100, "D25_2", 2969.88, -1503.94, "B", "DIP", "NET-(D25-PAD2)", "", "R", 65, 65, 39, 0],
		[101, "D26_1", 3139.86, -1503.94, "T", "DIP", "ROWF", "", "C", 65, 65, 39, 0],
		[102, "D26_1", 3139.86, -1503.94, "B", "DIP", "ROWF", "", "C", 65, 65, 39, 0],
		[103, "D26_2", 3439.86, -1503.94, "T", "DIP", "NET-(D26-PAD2)", "", "R", 65, 65, 39, 0],
		[104, "D26_2", 3439.86, -1503.94, "B", "DIP", "NET-(D26-PAD2)", "", "R", 65, 65, 39, 0],
		[105, "D27_1", 3609.84, -1503.94, "T", "DIP", "ROWE", "", "C", 65, 65, 39, 0],
		[106, "D27_1", 3609.84, -1503.94, "B", "DIP", "ROWE", "", "C", 65, 65, 39, 0],
		[107, "D27_2", 3909.84, -1503.94, "T", "DIP", "NET-(D27-PAD2)", "", "R", 65, 65, 39, 0],
		[108, "D27_2", 3909.84, -1503.94, "B", "DIP", "NET-(D27-PAD2)", "", "R", 65, 65, 39, 0],
		[109, "D28_1", 4079.82, -1503.94, "T", "DIP", "ROWF", "", "C", 65, 65, 39, 0],
		[110, "D28_1", 4079.82, -1503.94, "B", "DIP", "ROWF", "", "C", 65, 65, 39, 0],
		[111, "D28_2", 4379.82, -1503.94, "T", "DIP", "NET-(D28-PAD2)", "", "R", 65, 65, 39, 0],
		[112, "D28_2", 4379.82, -1503.94, "B", "DIP", "NET-(D28-PAD2)", "", "R", 65, 65, 39, 0],
		[113, "D29_1", 4549.8, -1503.94, "T", "DIP", "ROWE", "", "C", 65, 65, 39, 0],
		[114, "D29_1", 4549.8, -1503.94, "B", "DIP", "ROWE", "", "C", 65, 65, 39, 0],
		[115, "D29_2", 4849.8, -1503.94, "T", "DIP", "NET-(D29-PAD2)", "", "R", 65, 65, 39, 0],
		[116, "D29_2", 4849.8, -1503.94, "B", "DIP", "NET-(D29-PAD2)", "", "R", 65, 65, 39, 0],
		[117, "D30_1", 5019.78, -1503.94, "T", "DIP", "ROWF", "", "C", 65, 65, 39, 0],
		[118, "D30_1", 5019.78, -1503.94, "B", "DIP", "ROWF", "", "C", 65, 65, 39, 0],
		[119, "D30_2", 5319.78, -1503.94, "T", "DIP", "NET-(D30-PAD2)", "", "R", 65, 65, 39, 0],
		[120, "D30_2", 5319.78, -1503.94, "B", "DIP", "NET-(D30-PAD2)", "", "R", 65, 65, 39, 0],
		[121, "D31_1", 5489.76, -1503.94, "T", "DIP", "ROWE", "", "C", 65, 65, 39, 0],
		[122, "D31_1", 5489.76, -1503.94, "B", "DIP", "ROWE", "", "C", 65, 65, 39, 0],
		[123, "D31_2", 5789.76, -1503.94, "T", "DIP", "NET-(D31-PAD2)", "", "R", 65, 65, 39, 0],
		[124, "D31_2", 5789.76, -1503.94, "B", "DIP", "NET-(D31-PAD2)", "", "R", 65, 65, 39, 0],
		[125, "D32_1", 5959.74, -1503.94, "T", "DIP", "ROWF", "", "C", 65, 65, 39, 0],
		[126, "D32_1", 5959.74, -1503.94, "B", "DIP", "ROWF", "", "C", 65, 65, 39, 0],
		[127, "D32_2", 6259.74, -1503.94, "T", "DIP", "NET-(D32-PAD2)", "", "R", 65, 65, 39, 0],
		[128, "D32_2", 6259.74, -1503.94, "B", "DIP", "NET-(D32-PAD2)", "", "R", 65, 65, 39, 0],
		[129, "D33_1", 6429.72, -1503.94, "T", "DIP", "ROWE", "", "C", 65, 65, 39, 0],
		[130, "D33_1", 6429.72, -1503.94, "B", "DIP", "ROWE", "", "C", 65, 65, 39, 0],
		[131, "D33_2", 6729.72, -1503.94, "T", "DIP", "NET-(D33-PAD2)", "", "R", 65, 65, 39, 0],
		[132, "D33_2", 6729.72, -1503.94, "B", "DIP", "NET-(D33-PAD2)", "", "R", 65, 65, 39, 0],
		[133, "D34_1", 6899.7, -1503.94, "T", "DIP", "ROWF", "", "C", 65, 65, 39, 0],
		[134, "D34_1", 6899.7, -1503.94, "B", "DIP", "ROWF", "", "C", 65, 65, 39, 0],
		[135, "D34_2", 7199.7, -1503.94, "T", "DIP", "NET-(D34-PAD2)", "", "R", 65, 65, 39, 0],
		[136, "D34_2", 7199.7, -1503.94, "B", "DIP", "NET-(D34-PAD2)", "", "R", 65, 65, 39, 0],
		[137, "D35_1", 7369.69, -1503.94, "T", "DIP", "ROWE", "", "C", 65, 65, 39, 0],
		[138, "D35_1", 7369.69, -1503.94, "B", "DIP", "ROWE", "", "C", 65, 65, 39, 0],
		[139, "D35_2", 7669.69, -1503.94, "T", "DIP", "NET-(D35-PAD2)", "", "R", 65, 65, 39, 0],
		[140, "D35_2", 7669.69, -1503.94, "B", "DIP", "NET-(D35-PAD2)", "", "R", 65, 65, 39, 0],
		[141, "D36_1", 6155, -1830, "T", "DIP", "ROWF", "", "C", 65, 65, 39, 0],
		[142, "D36_1", 6155, -1830, "B", "DIP", "ROWF", "", "C", 65, 65, 39, 0],
		[143, "D36_2", 6455, -1830, "T", "DIP", "NET-(D36-PAD2)", "", "R", 65, 65, 39, 0],
		[144, "D36_2", 6455, -1830, "B", "DIP", "NET-(D36-PAD2)", "", "R", 65, 65, 39, 0],
		[145, "D37_1", 5540, -1680, "T", "DIP", "ROWH", "", "C", 65, 65, 39, 0],
		[146, "D37_1", 5540, -1680, "B", "DIP", "ROWH", "", "C", 65, 65, 39, 0],
		[147, "D37_2", 5840, -1680, "T", "DIP", "NET-(D37-PAD2)", "", "R", 65, 65, 39, 0],
		[148, "D37_2", 5840, -1680, "B", "DIP", "NET-(D37-PAD2)", "", "R", 65, 65, 39, 0],
		[149, "D38_1", 2763.88, -1691.93, "T", "DIP", "ROWG", "", "C", 65, 65, 39, 0],
		[150, "D38_1", 2763.88, -1691.93, "B", "DIP", "ROWG", "", "C", 65, 65, 39, 0],
		[151, "D38_2", 3063.88, -1691.93, "T", "DIP", "NET-(D38-PAD2)", "", "R", 65, 65, 39, 0],
		[152, "D38_2", 3063.88, -1691.93, "B", "DIP", "NET-(D38-PAD2)", "", "R", 65, 65, 39, 0],
		[153, "D39_1", 3233.86, -1691.93, "T", "DIP", "ROWH", "", "C", 65, 65, 39, 0],
		[154, "D39_1", 3233.86, -1691.93, "B", "DIP", "ROWH", "", "C", 65, 65, 39, 0],
		[155, "D39_2", 3533.86, -1691.93, "T", "DIP", "NET-(D39-PAD2)", "", "R", 65, 65, 39, 0],
		[156, "D39_2", 3533.86, -1691.93, "B", "DIP", "NET-(D39-PAD2)", "", "R", 65, 65, 39, 0],
		[157, "D40_1", 3703.84, -1691.93, "T", "DIP", "ROWG", "", "C", 65, 65, 39, 0],
		[158, "D40_1", 3703.84, -1691.93, "B", "DIP", "ROWG", "", "C", 65, 65, 39, 0],
		[159, "D40_2", 4003.84, -1691.93, "T", "DIP", "NET-(D40-PAD2)", "", "R", 65, 65, 39, 0],
		[160, "D40_2", 4003.84, -1691.93, "B", "DIP", "NET-(D40-PAD2)", "", "R", 65, 65, 39, 0],
		[161, "D41_1", 4165, -1705, "T", "DIP", "ROWG", "", "C", 65, 65, 39, 0],
		[162, "D41_1", 4165, -1705, "B", "DIP", "ROWG", "", "C", 65, 65, 39, 0],
		[163, "D41_2", 4465, -1705, "T", "DIP", "NET-(D41-PAD2)", "", "R", 65, 65, 39, 0],
		[164, "D41_2", 4465, -1705, "B", "DIP", "NET-(D41-PAD2)", "", "R", 65, 65, 39, 0],
		[165, "D42_1", 4680, -1660, "T", "DIP", "ROWH", "", "C", 65, 65, 39, 0],
		[166, "D42_1", 4680, -1660, "B", "DIP", "ROWH", "", "C", 65, 65, 39, 0],
		[167, "D42_2", 4980, -1660, "T", "DIP", "NET-(D42-PAD2)", "", "R", 65, 65, 39, 0],
		[168, "D42_2", 4980, -1660, "B", "DIP", "NET-(D42-PAD2)", "", "R", 65, 65, 39, 0],
		[169, "D43_1", 5135, -1705, "T", "DIP", "ROWG", "", "C", 65, 65, 39, 0],
		[170, "D43_1", 5135, -1705, "B", "DIP", "ROWG", "", "C", 65, 65, 39, 0],
		[171, "D43_2", 5435, -1705, "T", "DIP", "NET-(D43-PAD2)", "", "R", 65, 65, 39, 0],
		[172, "D43_2", 5435, -1705, "B", "DIP", "NET-(D43-PAD2)", "", "R", 65, 65, 39, 0],
		[173, "D44_1", 6990, -1685, "T", "DIP", "ROWG", "", "C", 65, 65, 39, 0],
		[174, "D44_1", 6990, -1685, "B", "DIP", "ROWG", "", "C", 65, 65, 39, 0],
		[175, "D44_2", 7290, -1685, "T", "DIP", "NET-(D44-PAD2)", "", "R", 65, 65, 39, 0],
		[176, "D44_2", 7290, -1685, "B", "DIP", "NET-(D44-PAD2)", "", "R", 65, 65, 39, 0],
		[177, "D45_1", 7385, -1690, "T", "DIP", "ROWH", "", "C", 65, 65, 39, 0],
		[178, "D45_1", 7385, -1690, "B", "DIP", "ROWH", "", "C", 65, 65, 39, 0],
		[179, "D45_2", 7685, -1690, "T", "DIP", "NET-(D45-PAD2)", "", "R", 65, 65, 39, 0],
		[180, "D45_2", 7685, -1690, "B", "DIP", "NET-(D45-PAD2)", "", "R", 65, 65, 39, 0],
		[181, "D46_1", 6520, -1675, "T", "DIP", "ROWH", "", "C", 65, 65, 39, 0],
		[182, "D46_1", 6520, -1675, "B", "DIP", "ROWH", "", "C", 65, 65, 39, 0],
		[183, "D46_2", 6820, -1675, "T", "DIP", "ROTA", "", "R", 65, 65, 39, 0],
		[184, "D46_2", 6820, -1675, "B", "DIP", "ROTA", "", "R", 65, 65, 39, 0],
		[185, "D47_1", 5995, -1685, "T", "DIP", "ROWG", "", "C", 65, 65, 39, 0],
		[186, "D47_1", 5995, -1685, "B", "DIP", "ROWG", "", "C", 65, 65, 39, 0],
		[187, "D47_2", 6295, -1685, "T", "DIP", "ROTC", "", "R", 65, 65, 39, 0],
		[188, "D47_2", 6295, -1685, "B", "DIP", "ROTC", "", "R", 65, 65, 39, 0],
		[189, "J1_1", 2240, -1555, "T", "DIP", "GND", "GND", "R", 66.93, 66.93, 39.37, 180],
		[190, "J1_1", 2240, -1555, "B", "DIP", "GND", "GND", "R", 66.93, 66.93, 39.37, 180],
		[191, "J1_2", 2240, -1455, "T", "DIP", "VCC", "", "C", 66.93, 66.93, 39.37, 180],
		[192, "J1_2", 2240, -1455, "B", "DIP", "VCC", "", "C", 66.93, 66.93, 39.37, 180],
		[193, "J1_3", 2240, -1355, "T", "DIP", "SCL", "", "C", 66.93, 66.93, 39.37, 180],
		[194, "J1_3", 2240, -1355, "B", "DIP", "SCL", "", "C", 66.93, 66.93, 39.37, 180],
		[195, "J1_4", 2240, -1255, "T", "DIP", "SDA", "", "C", 66.93, 66.93, 39.37, 180],
		[196, "J1_4", 2240, -1255, "B", "DIP", "SDA", "", "C", 66.93, 66.93, 39.37, 180],
		[197, "REF**_999", 9869.59, -1409.94, "T", "DIP", "REF**_", "", "C", 86.61, 86.61, 86.61, 0],
		[198, "REF**_999", 9869.59, -1409.94, "B", "DIP", "REF**_", "", "C", 86.61, 86.61, 86.61, 0],
		[199, "REF**N1_999", 2445, -1410, "T", "DIP", "REF**N1_", "", "C", 86.61, 86.61, 86.61, 0],
		[200, "REF**N1_999", 2445, -1410, "B", "DIP", "REF**N1_", "", "C", 86.61, 86.61, 86.61, 0],
		[201, "SW1_1", 1615, -2055, "T", "DIP", "COL0", "", "C", 86.61, 86.61, 59.06, 0],
		[202, "SW1_1", 1615, -2055, "B", "DIP", "COL0", "", "C", 86.61, 86.61, 59.06, 0],
		[203, "SW1_2", 1365, -2155, "T", "DIP", "NET-(D1-PAD2)", "", "C", 86.61, 86.61, 59.06, 0],
		[204, "SW1_2", 1365, -2155, "B", "DIP", "NET-(D1-PAD2)", "", "C", 86.61, 86.61, 59.06, 0],
		[205, "SW1_999", 1515, -2255, "T", "DIP", "SW1_", "", "C", 157.48, 157.48, 157.48, 0],
		[206, "SW1_999", 1515, -2255, "B", "DIP", "SW1_", "", "C", 157.48, 157.48, 157.48, 0],
		[207, "SW1_999", 1315, -2255, "T", "DIP", "SW1_A_", "", "C", 66.93, 66.93, 66.93, 0],
		[208, "SW1_999", 1315, -2255, "B", "DIP", "SW1_A_", "", "C", 66.93, 66.93, 66.93, 0],
		[209, "SW1_999", 1715, -2255, "T", "DIP", "SW1_B_", "", "C", 66.93, 66.93, 66.93, 0],
		[210, "SW1_999", 1715, -2255, "B", "DIP", "SW1_B_", "", "C", 66.93, 66.93, 66.93, 0],
		[211, "SW2_1", 2543.9, -2055.91, "T", "DIP", "COL0", "", "C", 86.61, 86.61, 59.06, 0],
		[212, "SW2_1", 2543.9, -2055.91, "B", "DIP", "COL0", "", "C", 86.61, 86.61, 59.06, 0],
		[213, "SW2_2", 2293.9, -2155.91, "T", "DIP", "NET-(D2-PAD2)", "", "C", 86.61, 86.61, 59.06, 0],
		[214, "SW2_2", 2293.9, -2155.91, "B", "DIP", "NET-(D2-PAD2)", "", "C", 86.61, 86.61, 59.06, 0],
		[215, "SW2_999", 2243.9, -2255.91, "T", "DIP", "SW2_", "", "C", 66.93, 66.93, 66.93, 0],
		[216, "SW2_999", 2243.9, -2255.91, "B", "DIP", "SW2_", "", "C", 66.93, 66.93, 66.93, 0],
		[217, "SW2_999", 2443.9, -2255.91, "T", "DIP", "SW2_A_", "", "C", 157.48, 157.48, 157.48, 0],
		[218, "SW2_999", 2443.9, -2255.91, "B", "DIP", "SW2_A_", "", "C", 157.48, 157.48, 157.48, 0],
		[219, "SW2_999", 2643.9, -2255.91, "T", "DIP", "SW2_B_", "", "C", 66.93, 66.93, 66.93, 0],
		[220, "SW2_999", 2643.9, -2255.91, "B", "DIP", "SW2_B_", "", "C", 66.93, 66.93, 66.93, 0],
		[221, "SW3_1", 3295.87, -2055.91, "T", "DIP", "COL1", "", "C", 86.61, 86.61, 59.06, 0],
		[222, "SW3_1", 3295.87, -2055.91, "B", "DIP", "COL1", "", "C", 86.61, 86.61, 59.06, 0],
		[223, "SW3_2", 3045.87, -2155.91, "T", "DIP", "NET-(D3-PAD2)", "", "C", 86.61, 86.61, 59.06, 0],
		[224, "SW3_2", 3045.87, -2155.91, "B", "DIP", "NET-(D3-PAD2)", "", "C", 86.61, 86.61, 59.06, 0],
		[225, "SW3_999", 3395.87, -2255.91, "T", "DIP", "SW3_", "", "C", 66.93, 66.93, 66.93, 0],
		[226, "SW3_999", 3395.87, -2255.91, "B", "DIP", "SW3_", "", "C", 66.93, 66.93, 66.93, 0],
		[227, "SW3_999", 3195.87, -2255.91, "T", "DIP", "SW3_A_", "", "C", 157.48, 157.48, 157.48, 0],
		[228, "SW3_999", 3195.87, -2255.91, "B", "DIP", "SW3_A_", "", "C", 157.48, 157.48, 157.48, 0],
		[229, "SW3_999", 2995.87, -2255.91, "T", "DIP", "SW3_B_", "", "C", 66.93, 66.93, 66.93, 0],
		[230, "SW3_999", 2995.87, -2255.91, "B", "DIP", "SW3_B_", "", "C", 66.93, 66.93, 66.93, 0],
		[231, "SW4_1", 4047.83, -2055.91, "T", "DIP", "COL1", "", "C", 86.61, 86.61, 59.06, 0],
		[232, "SW4_1", 4047.83, -2055.91, "B", "DIP", "COL1", "", "C", 86.61, 86.61, 59.06, 0],
		[233, "SW4_2", 3797.83, -2155.91, "T", "DIP", "NET-(D4-PAD2)", "", "C", 86.61, 86.61, 59.06, 0],
		[234, "SW4_2", 3797.83, -2155.91, "B", "DIP", "NET-(D4-PAD2)", "", "C", 86.61, 86.61, 59.06, 0],
		[235, "SW4_999", 4147.83, -2255.91, "T", "DIP", "SW4_", "", "C", 66.93, 66.93, 66.93, 0],
		[236, "SW4_999", 4147.83, -2255.91, "B", "DIP", "SW4_", "", "C", 66.93, 66.93, 66.93, 0],
		[237, "SW4_999", 3947.83, -2255.91, "T", "DIP", "SW4_A_", "", "C", 157.48, 157.48, 157.48, 0],
		[238, "SW4_999", 3947.83, -2255.91, "B", "DIP", "SW4_A_", "", "C", 157.48, 157.48, 157.48, 0],
		[239, "SW4_999", 3747.83, -2255.91, "T", "DIP", "SW4_B_", "", "C", 66.93, 66.93, 66.93, 0],
		[240, "SW4_999", 3747.83, -2255.91, "B", "DIP", "SW4_B_", "", "C", 66.93, 66.93, 66.93, 0],
		[241, "SW5_1", 4799.8, -2055.91, "T", "DIP", "COL2", "", "C", 86.61, 86.61, 59.06, 0],
		[242, "SW5_1", 4799.8, -2055.91, "B", "DIP", "COL2", "", "C", 86.61, 86.61, 59.06, 0],
		[243, "SW5_2", 4549.8, -2155.91, "T", "DIP", "NET-(D5-PAD2)", "", "C", 86.61, 86.61, 59.06, 0],
		[244, "SW5_2", 4549.8, -2155.91, "B", "DIP", "NET-(D5-PAD2)", "", "C", 86.61, 86.61, 59.06, 0],
		[245, "SW5_999", 4499.8, -2255.91, "T", "DIP", "SW5_", "", "C", 66.93, 66.93, 66.93, 0],
		[246, "SW5_999", 4499.8, -2255.91, "B", "DIP", "SW5_", "", "C", 66.93, 66.93, 66.93, 0],
		[247, "SW5_999", 4699.8, -2255.91, "T", "DIP", "SW5_A_", "", "C", 157.48, 157.48, 157.48, 0],
		[248, "SW5_999", 4699.8, -2255.91, "B", "DIP", "SW5_A_", "", "C", 157.48, 157.48, 157.48, 0],
		[249, "SW5_999", 4899.8, -2255.91, "T", "DIP", "SW5_B_", "", "C", 66.93, 66.93, 66.93, 0],
		[250, "SW5_999", 4899.8, -2255.91, "B", "DIP", "SW5_B_", "", "C", 66.93, 66.93, 66.93, 0],
		[251, "SW6_1", 5551.77, -2055.91, "T", "DIP", "COL2", "", "C", 86.61, 86.61, 59.06, 0],
		[252, "SW6_1", 5551.77, -2055.91, "B", "DIP", "COL2", "", "C", 86.61, 86.61, 59.06, 0],
		[253, "SW6_2", 5301.77, -2155.91, "T", "DIP", "NET-(D6-PAD2)", "", "C", 86.61, 86.61, 59.06, 0],
		[254, "SW6_2", 5301.77, -2155.91, "B", "DIP", "NET-(D6-PAD2)", "", "C", 86.61, 86.61, 59.06, 0],
		[255, "SW6_999", 5651.77, -2255.91, "T", "DIP", "SW6_", "", "C", 66.93, 66.93, 66.93, 0],
		[256, "SW6_999", 5651.77, -2255.91, "B", "DIP", "SW6_", "", "C", 66.93, 66.93, 66.93, 0],
		[257, "SW6_999", 5251.77, -2255.91, "T", "DIP", "SW6_A_", "", "C", 66.93, 66.93, 66.93, 0],
		[258, "SW6_999", 5251.77, -2255.91, "B", "DIP", "SW6_A_", "", "C", 66.93, 66.93, 66.93, 0],
		[259, "SW6_999", 5451.77, -2255.91, "T", "DIP", "SW6_B_", "", "C", 157.48, 157.48, 157.48, 0],
		[260, "SW6_999", 5451.77, -2255.91, "B", "DIP", "SW6_B_", "", "C", 157.48, 157.48, 157.48, 0],
		[261, "SW7_1", 6303.74, -2055.91, "T", "DIP", "COL3", "", "C", 86.61, 86.61, 59.06, 0],
		[262, "SW7_1", 6303.74, -2055.91, "B", "DIP", "COL3", "", "C", 86.61, 86.61, 59.06, 0],
		[263, "SW7_2", 6053.74, -2155.91, "T", "DIP", "NET-(D7-PAD2)", "", "C", 86.61, 86.61, 59.06, 0],
		[264, "SW7_2", 6053.74, -2155.91, "B", "DIP", "NET-(D7-PAD2)", "", "C", 86.61, 86.61, 59.06, 0],
		[265, "SW7_999", 6403.74, -2255.91, "T", "DIP", "SW7_", "", "C", 66.93, 66.93, 66.93, 0],
		[266, "SW7_999", 6403.74, -2255.91, "B", "DIP", "SW7_", "", "C", 66.93, 66.93, 66.93, 0],
		[267, "SW7_999", 6203.74, -2255.91, "T", "DIP", "SW7_A_", "", "C", 157.48, 157.48, 157.48, 0],
		[268, "SW7_999", 6203.74, -2255.91, "B", "DIP", "SW7_A_", "", "C", 157.48, 157.48, 157.48, 0],
		[269, "SW7_999", 6003.74, -2255.91, "T", "DIP", "SW7_B_", "", "C", 66.93, 66.93, 66.93, 0],
		[270, "SW7_999", 6003.74, -2255.91, "B", "DIP", "SW7_B_", "", "C", 66.93, 66.93, 66.93, 0],
		[271, "SW8_1", 7055.71, -2055.91, "T", "DIP", "COL3", "", "C", 86.61, 86.61, 59.06, 0],
		[272, "SW8_1", 7055.71, -2055.91, "B", "DIP", "COL3", "", "C", 86.61, 86.61, 59.06, 0],
		[273, "SW8_2", 6805.71, -2155.91, "T", "DIP", "NET-(D8-PAD2)", "", "C", 86.61, 86.61, 59.06, 0],
		[274, "SW8_2", 6805.71, -2155.91, "B", "DIP", "NET-(D8-PAD2)", "", "C", 86.61, 86.61, 59.06, 0],
		[275, "SW8_999", 6755.71, -2255.91, "T", "DIP", "SW8_", "", "C", 66.93, 66.93, 66.93, 0],
		[276, "SW8_999", 6755.71, -2255.91, "B", "DIP", "SW8_", "", "C", 66.93, 66.93, 66.93, 0],
		[277, "SW8_999", 6955.71, -2255.91, "T", "DIP", "SW8_A_", "", "C", 157.48, 157.48, 157.48, 0],
		[278, "SW8_999", 6955.71, -2255.91, "B", "DIP", "SW8_A_", "", "C", 157.48, 157.48, 157.48, 0],
		[279, "SW8_999", 7155.71, -2255.91, "T", "DIP", "SW8_B_", "", "C", 66.93, 66.93, 66.93, 0],
		[280, "SW8_999", 7155.71, -2255.91, "B", "DIP", "SW8_B_", "", "C", 66.93, 66.93, 66.93, 0],
		[281, "SW9_1", 7807.68, -2055.91, "T", "DIP", "COL4", "", "C", 86.61, 86.61, 59.06, 0],
		[282, "SW9_1", 7807.68, -2055.91, "B", "DIP", "COL4", "", "C", 86.61, 86.61, 59.06, 0],
		[283, "SW9_2", 7557.68, -2155.91, "T", "DIP", "NET-(D9-PAD2)", "", "C", 86.61, 86.61, 59.06, 0],
		[284, "SW9_2", 7557.68, -2155.91, "B", "DIP", "NET-(D9-PAD2)", "", "C", 86.61, 86.61, 59.06, 0],
		[285, "SW9_999", 7507.68, -2255.91, "T", "DIP", "SW9_", "", "C", 66.93, 66.93, 66.93, 0],
		[286, "SW9_999", 7507.68, -2255.91, "B", "DIP", "SW9_", "", "C", 66.93, 66.93, 66.93, 0],
		[287, "SW9_999", 7707.68, -2255.91, "T", "DIP", "SW9_A_", "", "C", 157.48, 157.48, 157.48, 0],
		[288, "SW9_999", 7707.68, -2255.91, "B", "DIP", "SW9_A_", "", "C", 157.48, 157.48, 157.48, 0],
		[289, "SW9_999", 7907.68, -2255.91, "T", "DIP", "SW9_B_", "", "C", 66.93, 66.93, 66.93, 0],
		[290, "SW9_999", 7907.68, -2255.91, "B", "DIP", "SW9_B_", "", "C", 66.93, 66.93, 66.93, 0],
		[291, "SW10_1", 8559.65, -2055.91, "T", "DIP", "COL4", "", "C", 86.61, 86.61, 59.06, 0],
		[292, "SW10_1", 8559.65, -2055.91, "B", "DIP", "COL4", "", "C", 86.61, 86.61, 59.06, 0],
		[293, "SW10_2", 8309.65, -2155.91, "T", "DIP", "NET-(D10-PAD2)", "", "C", 86.61, 86.61, 59.06, 0],
		[294, "SW10_2", 8309.65, -2155.91, "B", "DIP", "NET-(D10-PAD2)", "", "C", 86.61, 86.61, 59.06, 0],
		[295, "SW10_999", 8259.65, -2255.91, "T", "DIP", "SW10_", "", "C", 66.93, 66.93, 66.93, 0],
		[296, "SW10_999", 8259.65, -2255.91, "B", "DIP", "SW10_", "", "C", 66.93, 66.93, 66.93, 0],
		[297, "SW10_999", 8459.65, -2255.91, "T", "DIP", "SW10_A_", "", "C", 157.48, 157.48, 157.48, 0],
		[298, "SW10_999", 8459.65, -2255.91, "B", "DIP", "SW10_A_", "", "C", 157.48, 157.48, 157.48, 0],
		[299, "SW10_999", 8659.65, -2255.91, "T", "DIP", "SW10_B_", "", "C", 66.93, 66.93, 66.93, 0],
		[300, "SW10_999", 8659.65, -2255.91, "B", "DIP", "SW10_B_", "", "C", 66.93, 66.93, 66.93, 0],
		[301, "SW11_1", 9311.61, -2055.91, "T", "DIP", "ROTB", "", "C", 86.61, 86.61, 59.06, 0],
		[302, "SW11_1", 9311.61, -2055.91, "B", "DIP", "ROTB", "", "C", 86.61, 86.61, 59.06, 0],
		[303, "SW11_2", 9061.61, -2155.91, "T", "DIP", "NET-(D11-PAD2)", "", "C", 86.61, 86.61, 59.06, 0],
		[304, "SW11_2", 9061.61, -2155.91, "B", "DIP", "NET-(D11-PAD2)", "", "C", 86.61, 86.61, 59.06, 0],
		[305, "SW11_999", 9411.61, -2255.91, "T", "DIP", "SW11_", "", "C", 66.93, 66.93, 66.93, 0],
		[306, "SW11_999", 9411.61, -2255.91, "B", "DIP", "SW11_", "", "C", 66.93, 66.93, 66.93, 0],
		[307, "SW11_999", 9211.61, -2255.91, "T", "DIP", "SW11_A_", "", "C", 157.48, 157.48, 157.48, 0],
		[308, "SW11_999", 9211.61, -2255.91, "B", "DIP", "SW11_A_", "", "C", 157.48, 157.48, 157.48, 0],
		[309, "SW11_999", 9011.61, -2255.91, "T", "DIP", "SW11_B_", "", "C", 66.93, 66.93, 66.93, 0],
		[310, "SW11_999", 9011.61, -2255.91, "B", "DIP", "SW11_B_", "", "C", 66.93, 66.93, 66.93, 0],
		[311, "SW12_1", 10251.57, -2055.91, "T", "DIP", "ROTB", "", "C", 86.61, 86.61, 59.06, 0],
		[312, "SW12_1", 10251.57, -2055.91, "B", "DIP", "ROTB", "", "C", 86.61, 86.61, 59.06, 0],
		[313, "SW12_2", 10001.57, -2155.91, "T", "DIP", "NET-(D12-PAD2)", "", "C", 86.61, 86.61, 59.06, 0],
		[314, "SW12_2", 10001.57, -2155.91, "B", "DIP", "NET-(D12-PAD2)", "", "C", 86.61, 86.61, 59.06, 0],
		[315, "SW12_999", 9951.57, -2255.91, "T", "DIP", "SW12_", "", "C", 66.93, 66.93, 66.93, 0],
		[316, "SW12_999", 9951.57, -2255.91, "B", "DIP", "SW12_", "", "C", 66.93, 66.93, 66.93, 0],
		[317, "SW12_999", 10351.57, -2255.91, "T", "DIP", "SW12_A_", "", "C", 66.93, 66.93, 66.93, 0],
		[318, "SW12_999", 10351.57, -2255.91, "B", "DIP", "SW12_A_", "", "C", 66.93, 66.93, 66.93, 0],
		[319, "SW12_999", 10151.57, -2255.91, "T", "DIP", "SW12_B_", "", "C", 157.48, 157.48, 157.48, 0],
		[320, "SW12_999", 10151.57, -2255.91, "B", "DIP", "SW12_B_", "", "C", 157.48, 157.48, 157.48, 0],
		[321, "SW13_1", 10345.57, -2807.87, "T", "DIP", "ROTB", "", "C", 86.61, 86.61, 59.06, 0],
		[322, "SW13_1", 10345.57, -2807.87, "B", "DIP", "ROTB", "", "C", 86.61, 86.61, 59.06, 0],
		[323, "SW13_2", 10095.57, -2907.87, "T", "DIP", "NET-(D24-PAD2)", "", "C", 86.61, 86.61, 59.06, 0],
		[324, "SW13_2", 10095.57, -2907.87, "B", "DIP", "NET-(D24-PAD2)", "", "C", 86.61, 86.61, 59.06, 0],
		[325, "SW13_999", 10045.57, -3007.87, "T", "DIP", "SW13_", "", "C", 66.93, 66.93, 66.93, 0],
		[326, "SW13_999", 10045.57, -3007.87, "B", "DIP", "SW13_", "", "C", 66.93, 66.93, 66.93, 0],
		[327, "SW13_999", 10245.57, -3007.87, "T", "DIP", "SW13_A_", "", "C", 157.48, 157.48, 157.48, 0],
		[328, "SW13_999", 10245.57, -3007.87, "B", "DIP", "SW13_A_", "", "C", 157.48, 157.48, 157.48, 0],
		[329, "SW13_999", 10445.57, -3007.87, "T", "DIP", "SW13_B_", "", "C", 66.93, 66.93, 66.93, 0],
		[330, "SW13_999", 10445.57, -3007.87, "B", "DIP", "SW13_B_", "", "C", 66.93, 66.93, 66.93, 0],
		[331, "SW14_1", 1697.93, -2807.87, "T", "DIP", "COL0", "", "C", 86.61, 86.61, 59.06, 0],
		[332, "SW14_1", 1697.93, -2807.87, "B", "DIP", "COL0", "", "C", 86.61, 86.61, 59.06, 0],
		[333, "SW14_2", 1447.93, -2907.87, "T", "DIP", "NET-(D14-PAD2)", "", "C", 86.61, 86.61, 59.06, 0],
		[334, "SW14_2", 1447.93, -2907.87, "B", "DIP", "NET-(D14-PAD2)", "", "C", 86.61, 86.61, 59.06, 0],
		[335, "SW14_999", 1597.93, -3007.87, "T", "DIP", "SW14_", "", "C", 157.48, 157.48, 157.48, 0],
		[336, "SW14_999", 1597.93, -3007.87, "B", "DIP", "SW14_", "", "C", 157.48, 157.48, 157.48, 0],
		[337, "SW14_999", 1397.93, -3007.87, "T", "DIP", "SW14_A_", "", "C", 66.93, 66.93, 66.93, 0],
		[338, "SW14_999", 1397.93, -3007.87, "B", "DIP", "SW14_A_", "", "C", 66.93, 66.93, 66.93, 0],
		[339, "SW14_999", 1797.93, -3007.87, "T", "DIP", "SW14_B_", "", "C", 66.93, 66.93, 66.93, 0],
		[340, "SW14_999", 1797.93, -3007.87, "B", "DIP", "SW14_B_", "", "C", 66.93, 66.93, 66.93, 0],
		[341, "SW15_1", 1503.94, -2807.87, "T", "DIP", "COL0", "", "C", 86.61, 86.61, 59.06, 0],
		[342, "SW15_1", 1503.94, -2807.87, "B", "DIP", "COL0", "", "C", 86.61, 86.61, 59.06, 0],
		[343, "SW15_2", 1253.94, -2907.87, "T", "DIP", "NET-(D14-PAD2)", "", "C", 86.61, 86.61, 59.06, 0],
		[344, "SW15_2", 1253.94, -2907.87, "B", "DIP", "NET-(D14-PAD2)", "", "C", 86.61, 86.61, 59.06, 0],
		[345, "SW15_999", 1603.94, -3007.87, "T", "DIP", "SW15_", "", "C", 66.93, 66.93, 66.93, 0],
		[346, "SW15_999", 1603.94, -3007.87, "B", "DIP", "SW15_", "", "C", 66.93, 66.93, 66.93, 0],
		[347, "SW15_999", 1403.94, -3007.87, "T", "DIP", "SW15_A_", "", "C", 157.48, 157.48, 157.48, 0],
		[348, "SW15_999", 1403.94, -3007.87, "B", "DIP", "SW15_A_", "", "C", 157.48, 157.48, 157.48, 0],
		[349, "SW15_999", 1203.94, -3007.87, "T", "DIP", "SW15_B_", "", "C", 66.93, 66.93, 66.93, 0],
		[350, "SW15_999", 1203.94, -3007.87, "B", "DIP", "SW15_B_", "", "C", 66.93, 66.93, 66.93, 0],
		[351, "SW16_1", 2731.89, -2807.87, "T", "DIP", "COL0", "", "C", 86.61, 86.61, 59.06, 0],
		[352, "SW16_1", 2731.89, -2807.87, "B", "DIP", "COL0", "", "C", 86.61, 86.61, 59.06, 0],
		[353, "SW16_2", 2481.89, -2907.87, "T", "DIP", "NET-(D15-PAD2)", "", "C", 86.61, 86.61, 59.06, 0],
		[354, "SW16_2", 2481.89, -2907.87, "B", "DIP", "NET-(D15-PAD2)", "", "C", 86.61, 86.61, 59.06, 0],
		[355, "SW16_999", 2431.89, -3007.87, "T", "DIP", "SW16_", "", "C", 66.93, 66.93, 66.93, 0],
		[356, "SW16_999", 2431.89, -3007.87, "B", "DIP", "SW16_", "", "C", 66.93, 66.93, 66.93, 0],
		[357, "SW16_999", 2631.89, -3007.87, "T", "DIP", "SW16_A_", "", "C", 157.48, 157.48, 157.48, 0],
		[358, "SW16_999", 2631.89, -3007.87, "B", "DIP", "SW16_A_", "", "C", 157.48, 157.48, 157.48, 0],
		[359, "SW16_999", 2831.89, -3007.87, "T", "DIP", "SW16_B_", "", "C", 66.93, 66.93, 66.93, 0],
		[360, "SW16_999", 2831.89, -3007.87, "B", "DIP", "SW16_B_", "", "C", 66.93, 66.93, 66.93, 0],
		[361, "SW17_1", 3483.86, -2807.87, "T", "DIP", "COL1", "", "C", 86.61, 86.61, 59.06, 0],
		[362, "SW17_1", 3483.86, -2807.87, "B", "DIP", "COL1", "", "C", 86.61, 86.61, 59.06, 0],
		[363, "SW17_2", 3233.86, -2907.87, "T", "DIP", "NET-(D16-PAD2)", "", "C", 86.61, 86.61, 59.06, 0],
		[364, "SW17_2", 3233.86, -2907.87, "B", "DIP", "NET-(D16-PAD2)", "", "C", 86.61, 86.61, 59.06, 0],
		[365, "SW17_999", 3183.86, -3007.87, "T", "DIP", "SW17_", "", "C", 66.93, 66.93, 66.93, 0],
		[366, "SW17_999", 3183.86, -3007.87, "B", "DIP", "SW17_", "", "C", 66.93, 66.93, 66.93, 0],
		[367, "SW17_999", 3383.86, -3007.87, "T", "DIP", "SW17_A_", "", "C", 157.48, 157.48, 157.48, 0],
		[368, "SW17_999", 3383.86, -3007.87, "B", "DIP", "SW17_A_", "", "C", 157.48, 157.48, 157.48, 0],
		[369, "SW17_999", 3583.86, -3007.87, "T", "DIP", "SW17_B_", "", "C", 66.93, 66.93, 66.93, 0],
		[370, "SW17_999", 3583.86, -3007.87, "B", "DIP", "SW17_B_", "", "C", 66.93, 66.93, 66.93, 0],
		[371, "SW18_1", 4235.83, -2807.87, "T", "DIP", "COL1", "", "C", 86.61, 86.61, 59.06, 0],
		[372, "SW18_1", 4235.83, -2807.87, "B", "DIP", "COL1", "", "C", 86.61, 86.61, 59.06, 0],
		[373, "SW18_2", 3985.83, -2907.87, "T", "DIP", "NET-(D17-PAD2)", "", "C", 86.61, 86.61, 59.06, 0],
		[374, "SW18_2", 3985.83, -2907.87, "B", "DIP", "NET-(D17-PAD2)", "", "C", 86.61, 86.61, 59.06, 0],
		[375, "SW18_999", 4335.83, -3007.87, "T", "DIP", "SW18_", "", "C", 66.93, 66.93, 66.93, 0],
		[376, "SW18_999", 4335.83, -3007.87, "B", "DIP", "SW18_", "", "C", 66.93, 66.93, 66.93, 0],
		[377, "SW18_999", 4135.83, -3007.87, "T", "DIP", "SW18_A_", "", "C", 157.48, 157.48, 157.48, 0],
		[378, "SW18_999", 4135.83, -3007.87, "B", "DIP", "SW18_A_", "", "C", 157.48, 157.48, 157.48, 0],
		[379, "SW18_999", 3935.83, -3007.87, "T", "DIP", "SW18_B_", "", "C", 66.93, 66.93, 66.93, 0],
		[380, "SW18_999", 3935.83, -3007.87, "B", "DIP", "SW18_B_", "", "C", 66.93, 66.93, 66.93, 0],
		[381, "SW19_1", 4987.8, -2807.87, "T", "DIP", "COL2", "", "C", 86.61, 86.61, 59.06, 0],
		[382, "SW19_1", 4987.8, -2807.87, "B", "DIP", "COL2", "", "C", 86.61, 86.61, 59.06, 0],
		[383, "SW19_2", 4737.8, -2907.87, "T", "DIP", "NET-(D18-PAD2)", "", "C", 86.61, 86.61, 59.06, 0],
		[384, "SW19_2", 4737.8, -2907.87, "B", "DIP", "NET-(D18-PAD2)", "", "C", 86.61, 86.61, 59.06, 0],
		[385, "SW19_999", 4687.8, -3007.87, "T", "DIP", "SW19_", "", "C", 66.93, 66.93, 66.93, 0],
		[386, "SW19_999", 4687.8, -3007.87, "B", "DIP", "SW19_", "", "C", 66.93, 66.93, 66.93, 0],
		[387, "SW19_999", 4887.8, -3007.87, "T", "DIP", "SW19_A_", "", "C", 157.48, 157.48, 157.48, 0],
		[388, "SW19_999", 4887.8, -3007.87, "B", "DIP", "SW19_A_", "", "C", 157.48, 157.48, 157.48, 0],
		[389, "SW19_999", 5087.8, -3007.87, "T", "DIP", "SW19_B_", "", "C", 66.93, 66.93, 66.93, 0],
		[390, "SW19_999", 5087.8, -3007.87, "B", "DIP", "SW19_B_", "", "C", 66.93, 66.93, 66.93, 0],
		[391, "SW20_1", 5739.76, -2807.87, "T", "DIP", "COL2", "", "C", 86.61, 86.61, 59.06, 0],
		[392, "SW20_1", 5739.76, -2807.87, "B", "DIP", "COL2", "", "C", 86.61, 86.61, 59.06, 0],
		[393, "SW20_2", 5489.76, -2907.87, "T", "DIP", "NET-(D19-PAD2)", "", "C", 86.61, 86.61, 59.06, 0],
		[394, "SW20_2", 5489.76, -2907.87, "B", "DIP", "NET-(D19-PAD2)", "", "C", 86.61, 86.61, 59.06, 0],
		[395, "SW20_999", 5439.76, -3007.87, "T", "DIP", "SW20_", "", "C", 66.93, 66.93, 66.93, 0],
		[396, "SW20_999", 5439.76, -3007.87, "B", "DIP", "SW20_", "", "C", 66.93, 66.93, 66.93, 0],
		[397, "SW20_999", 5639.76, -3007.87, "T", "DIP", "SW20_A_", "", "C", 157.48, 157.48, 157.48, 0],
		[398, "SW20_999", 5639.76, -3007.87, "B", "DIP", "SW20_A_", "", "C", 157.48, 157.48, 157.48, 0],
		[399, "SW20_999", 5839.76, -3007.87, "T", "DIP", "SW20_B_", "", "C", 66.93, 66.93, 66.93, 0],
		[400, "SW20_999", 5839.76, -3007.87, "B", "DIP", "SW20_B_", "", "C", 66.93, 66.93, 66.93, 0],
		[401, "SW21_1", 6491.73, -2807.87, "T", "DIP", "COL3", "", "C", 86.61, 86.61, 59.06, 0],
		[402, "SW21_1", 6491.73, -2807.87, "B", "DIP", "COL3", "", "C", 86.61, 86.61, 59.06, 0],
		[403, "SW21_2", 6241.73, -2907.87, "T", "DIP", "NET-(D20-PAD2)", "", "C", 86.61, 86.61, 59.06, 0],
		[404, "SW21_2", 6241.73, -2907.87, "B", "DIP", "NET-(D20-PAD2)", "", "C", 86.61, 86.61, 59.06, 0],
		[405, "SW21_999", 6591.73, -3007.87, "T", "DIP", "SW21_", "", "C", 66.93, 66.93, 66.93, 0],
		[406, "SW21_999", 6591.73, -3007.87, "B", "DIP", "SW21_", "", "C", 66.93, 66.93, 66.93, 0],
		[407, "SW21_999", 6391.73, -3007.87, "T", "DIP", "SW21_A_", "", "C", 157.48, 157.48, 157.48, 0],
		[408, "SW21_999", 6391.73, -3007.87, "B", "DIP", "SW21_A_", "", "C", 157.48, 157.48, 157.48, 0],
		[409, "SW21_999", 6191.73, -3007.87, "T", "DIP", "SW21_B_", "", "C", 66.93, 66.93, 66.93, 0],
		[410, "SW21_999", 6191.73, -3007.87, "B", "DIP", "SW21_B_", "", "C", 66.93, 66.93, 66.93, 0],
		[411, "SW22_1", 7243.7, -2807.87, "T", "DIP", "COL3", "", "C", 86.61, 86.61, 59.06, 0],
		[412, "SW22_1", 7243.7, -2807.87, "B", "DIP", "COL3", "", "C", 86.61, 86.61, 59.06, 0],
		[413, "SW22_2", 6993.7, -2907.87, "T", "DIP", "NET-(D21-PAD2)", "", "C", 86.61, 86.61, 59.06, 0],
		[414, "SW22_2", 6993.7, -2907.87, "B", "DIP", "NET-(D21-PAD2)", "", "C", 86.61, 86.61, 59.06, 0],
		[415, "SW22_999", 7343.7, -3007.87, "T", "DIP", "SW22_", "", "C", 66.93, 66.93, 66.93, 0],
		[416, "SW22_999", 7343.7, -3007.87, "B", "DIP", "SW22_", "", "C", 66.93, 66.93, 66.93, 0],
		[417, "SW22_999", 7143.7, -3007.87, "T", "DIP", "SW22_A_", "", "C", 157.48, 157.48, 157.48, 0],
		[418, "SW22_999", 7143.7, -3007.87, "B", "DIP", "SW22_A_", "", "C", 157.48, 157.48, 157.48, 0],
		[419, "SW22_999", 6943.7, -3007.87, "T", "DIP", "SW22_B_", "", "C", 66.93, 66.93, 66.93, 0],
		[420, "SW22_999", 6943.7, -3007.87, "B", "DIP", "SW22_B_", "", "C", 66.93, 66.93, 66.93, 0],
		[421, "SW23_1", 7995.67, -2807.87, "T", "DIP", "COL4", "", "C", 86.61, 86.61, 59.06, 0],
		[422, "SW23_1", 7995.67, -2807.87, "B", "DIP", "COL4", "", "C", 86.61, 86.61, 59.06, 0],
		[423, "SW23_2", 7745.67, -2907.87, "T", "DIP", "NET-(D22-PAD2)", "", "C", 86.61, 86.61, 59.06, 0],
		[424, "SW23_2", 7745.67, -2907.87, "B", "DIP", "NET-(D22-PAD2)", "", "C", 86.61, 86.61, 59.06, 0],
		[425, "SW23_999", 8095.67, -3007.87, "T", "DIP", "SW23_", "", "C", 66.93, 66.93, 66.93, 0],
		[426, "SW23_999", 8095.67, -3007.87, "B", "DIP", "SW23_", "", "C", 66.93, 66.93, 66.93, 0],
		[427, "SW23_999", 7895.67, -3007.87, "T", "DIP", "SW23_A_", "", "C", 157.48, 157.48, 157.48, 0],
		[428, "SW23_999", 7895.67, -3007.87, "B", "DIP", "SW23_A_", "", "C", 157.48, 157.48, 157.48, 0],
		[429, "SW23_999", 7695.67, -3007.87, "T", "DIP", "SW23_B_", "", "C", 66.93, 66.93, 66.93, 0],
		[430, "SW23_999", 7695.67, -3007.87, "B", "DIP", "SW23_B_", "", "C", 66.93, 66.93, 66.93, 0],
		[431, "SW24_1", 8747.64, -2807.87, "T", "DIP", "COL4", "", "C", 86.61, 86.61, 59.06, 0],
		[432, "SW24_1", 8747.64, -2807.87, "B", "DIP", "COL4", "", "C", 86.61, 86.61, 59.06, 0],
		[433, "SW24_2", 8497.64, -2907.87, "T", "DIP", "NET-(D23-PAD2)", "", "C", 86.61, 86.61, 59.06, 0],
		[434, "SW24_2", 8497.64, -2907.87, "B", "DIP", "NET-(D23-PAD2)", "", "C", 86.61, 86.61, 59.06, 0],
		[435, "SW24_999", 8447.64, -3007.87, "T", "DIP", "SW24_", "", "C", 66.93, 66.93, 66.93, 0],
		[436, "SW24_999", 8447.64, -3007.87, "B", "DIP", "SW24_", "", "C", 66.93, 66.93, 66.93, 0],
		[437, "SW24_999", 8647.64, -3007.87, "T", "DIP", "SW24_A_", "", "C", 157.48, 157.48, 157.48, 0],
		[438, "SW24_999", 8647.64, -3007.87, "B", "DIP", "SW24_A_", "", "C", 157.48, 157.48, 157.48, 0],
		[439, "SW24_999", 8847.64, -3007.87, "T", "DIP", "SW24_B_", "", "C", 66.93, 66.93, 66.93, 0],
		[440, "SW24_999", 8847.64, -3007.87, "B", "DIP", "SW24_B_", "", "C", 66.93, 66.93, 66.93, 0],
		[441, "SW25_1", 9499.61, -2807.87, "T", "DIP", "ROTB", "", "C", 86.61, 86.61, 59.06, 0],
		[442, "SW25_1", 9499.61, -2807.87, "B", "DIP", "ROTB", "", "C", 86.61, 86.61, 59.06, 0],
		[443, "SW25_2", 9249.61, -2907.87, "T", "DIP", "NET-(D13-PAD2)", "", "C", 86.61, 86.61, 59.06, 0],
		[444, "SW25_2", 9249.61, -2907.87, "B", "DIP", "NET-(D13-PAD2)", "", "C", 86.61, 86.61, 59.06, 0],
		[445, "SW25_999", 9199.61, -3007.87, "T", "DIP", "SW25_", "", "C", 66.93, 66.93, 66.93, 0],
		[446, "SW25_999", 9199.61, -3007.87, "B", "DIP", "SW25_", "", "C", 66.93, 66.93, 66.93, 0],
		[447, "SW25_999", 9399.61, -3007.87, "T", "DIP", "SW25_A_", "", "C", 157.48, 157.48, 157.48, 0],
		[448, "SW25_999", 9399.61, -3007.87, "B", "DIP", "SW25_A_", "", "C", 157.48, 157.48, 157.48, 0],
		[449, "SW25_999", 9599.61, -3007.87, "T", "DIP", "SW25_B_", "", "C", 66.93, 66.93, 66.93, 0],
		[450, "SW25_999", 9599.61, -3007.87, "B", "DIP", "SW25_B_", "", "C", 66.93, 66.93, 66.93, 0],
		[451, "SW26_1", 9969.59, -2807.87, "T", "DIP", "ROTB", "", "C", 86.61, 86.61, 59.06, 0],
		[452, "SW26_1", 9969.59, -2807.87, "B", "DIP", "ROTB", "", "C", 86.61, 86.61, 59.06, 0],
		[453, "SW26_2", 9719.59, -2907.87, "T", "DIP", "NET-(D24-PAD2)", "", "C", 86.61, 86.61, 59.06, 0],
		[454, "SW26_2", 9719.59, -2907.87, "B", "DIP", "NET-(D24-PAD2)", "", "C", 86.61, 86.61, 59.06, 0],
		[455, "SW26_999", 9401.08, -2732.28, "T", "DIP", "SW26_", "", "C", 120.08, 120.08, 120.08, 0],
		[456, "SW26_999", 9401.08, -2732.28, "B", "DIP", "SW26_", "", "C", 120.08, 120.08, 120.08, 0],
		[457, "SW26_999", 9401.08, -3332.28, "T", "DIP", "SW26_A_", "", "C", 157.48, 157.48, 157.48, 0],
		[458, "SW26_999", 9401.08, -3332.28, "B", "DIP", "SW26_A_", "", "C", 157.48, 157.48, 157.48, 0],
		[459, "SW26_999", 9669.59, -3007.87, "T", "DIP", "SW26_B_", "", "C", 66.93, 66.93, 66.93, 0],
		[460, "SW26_999", 9669.59, -3007.87, "B", "DIP", "SW26_B_", "", "C", 66.93, 66.93, 66.93, 0],
		[461, "SW26_999", 10069.59, -3007.87, "T", "DIP", "SW26_C_", "", "C", 66.93, 66.93, 66.93, 0],
		[462, "SW26_999", 10069.59, -3007.87, "B", "DIP", "SW26_C_", "", "C", 66.93, 66.93, 66.93, 0],
		[463, "SW26_999", 10338.09, -3332.28, "T", "DIP", "SW26_D_", "", "C", 157.48, 157.48, 157.48, 0],
		[464, "SW26_999", 10338.09, -3332.28, "B", "DIP", "SW26_D_", "", "C", 157.48, 157.48, 157.48, 0],
		[465, "SW26_999", 10338.09, -2732.28, "T", "DIP", "SW26_E_", "", "C", 120.08, 120.08, 120.08, 0],
		[466, "SW26_999", 10338.09, -2732.28, "B", "DIP", "SW26_E_", "", "C", 120.08, 120.08, 120.08, 0],
		[467, "SW26_999", 9869.59, -3007.87, "T", "DIP", "SW26_F_", "", "C", 157.48, 157.48, 157.48, 0],
		[468, "SW26_999", 9869.59, -3007.87, "B", "DIP", "SW26_F_", "", "C", 157.48, 157.48, 157.48, 0],
		[469, "SW27_1", 1885.93, -3559.06, "T", "DIP", "COL0", "", "C", 86.61, 86.61, 59.06, 0],
		[470, "SW27_1", 1885.93, -3559.06, "B", "DIP", "COL0", "", "C", 86.61, 86.61, 59.06, 0],
		[471, "SW27_2", 1635.93, -3659.06, "T", "DIP", "NET-(D25-PAD2)", "", "C", 86.61, 86.61, 59.06, 0],
		[472, "SW27_2", 1635.93, -3659.06, "B", "DIP", "NET-(D25-PAD2)", "", "C", 86.61, 86.61, 59.06, 0],
		[473, "SW27_999", 2254.43, -4083.46, "T", "DIP", "SW27_", "", "C", 157.48, 157.48, 157.48, 0],
		[474, "SW27_999", 2254.43, -4083.46, "B", "DIP", "SW27_", "", "C", 157.48, 157.48, 157.48, 0],
		[475, "SW27_999", 1785.93, -3759.06, "T", "DIP", "SW27_A_", "", "C", 157.48, 157.48, 157.48, 0],
		[476, "SW27_999", 1785.93, -3759.06, "B", "DIP", "SW27_A_", "", "C", 157.48, 157.48, 157.48, 0],
		[477, "SW27_999", 1317.42, -4083.46, "T", "DIP", "SW27_B_", "", "C", 157.48, 157.48, 157.48, 0],
		[478, "SW27_999", 1317.42, -4083.46, "B", "DIP", "SW27_B_", "", "C", 157.48, 157.48, 157.48, 0],
		[479, "SW27_999", 1985.93, -3759.06, "T", "DIP", "SW27_C_", "", "C", 66.93, 66.93, 66.93, 0],
		[480, "SW27_999", 1985.93, -3759.06, "B", "DIP", "SW27_C_", "", "C", 66.93, 66.93, 66.93, 0],
		[481, "SW27_999", 1585.93, -3759.06, "T", "DIP", "SW27_D_", "", "C", 66.93, 66.93, 66.93, 0],
		[482, "SW27_999", 1585.93, -3759.06, "B", "DIP", "SW27_D_", "", "C", 66.93, 66.93, 66.93, 0],
		[483, "SW27_999", 1317.42, -3483.46, "T", "DIP", "SW27_E_", "", "C", 120.08, 120.08, 120.08, 0],
		[484, "SW27_999", 1317.42, -3483.46, "B", "DIP", "SW27_E_", "", "C", 120.08, 120.08, 120.08, 0],
		[485, "SW27_999", 2254.43, -3483.46, "T", "DIP", "SW27_F_", "", "C", 120.08, 120.08, 120.08, 0],
		[486, "SW27_999", 2254.43, -3483.46, "B", "DIP", "SW27_F_", "", "C", 120.08, 120.08, 120.08, 0],
		[487, "SW28_1", 1509.94, -3559.84, "T", "DIP", "COL0", "", "C", 86.61, 86.61, 59.06, 0],
		[488, "SW28_1", 1509.94, -3559.84, "B", "DIP", "COL0", "", "C", 86.61, 86.61, 59.06, 0],
		[489, "SW28_2", 1259.94, -3659.84, "T", "DIP", "NET-(D25-PAD2)", "", "C", 86.61, 86.61, 59.06, 0],
		[490, "SW28_2", 1259.94, -3659.84, "B", "DIP", "NET-(D25-PAD2)", "", "C", 86.61, 86.61, 59.06, 0],
		[491, "SW28_999", 1209.94, -3759.84, "T", "DIP", "SW28_", "", "C", 66.93, 66.93, 66.93, 0],
		[492, "SW28_999", 1209.94, -3759.84, "B", "DIP", "SW28_", "", "C", 66.93, 66.93, 66.93, 0],
		[493, "SW28_999", 1609.94, -3759.84, "T", "DIP", "SW28_A_", "", "C", 66.93, 66.93, 66.93, 0],
		[494, "SW28_999", 1609.94, -3759.84, "B", "DIP", "SW28_A_", "", "C", 66.93, 66.93, 66.93, 0],
		[495, "SW28_999", 1409.94, -3759.84, "T", "DIP", "SW28_B_", "", "C", 157.48, 157.48, 157.48, 0],
		[496, "SW28_999", 1409.94, -3759.84, "B", "DIP", "SW28_B_", "", "C", 157.48, 157.48, 157.48, 0],
		[497, "SW29_1", 2355.91, -3559.84, "T", "DIP", "COL0", "", "C", 86.61, 86.61, 59.06, 0],
		[498, "SW29_1", 2355.91, -3559.84, "B", "DIP", "COL0", "", "C", 86.61, 86.61, 59.06, 0],
		[499, "SW29_2", 2105.91, -3659.84, "T", "DIP", "NET-(D26-PAD2)", "", "C", 86.61, 86.61, 59.06, 0],
		[500, "SW29_2", 2105.91, -3659.84, "B", "DIP", "NET-(D26-PAD2)", "", "C", 86.61, 86.61, 59.06, 0],
		[501, "SW29_999", 2055.91, -3759.84, "T", "DIP", "SW29_", "", "C", 66.93, 66.93, 66.93, 0],
		[502, "SW29_999", 2055.91, -3759.84, "B", "DIP", "SW29_", "", "C", 66.93, 66.93, 66.93, 0],
		[503, "SW29_999", 2255.91, -3759.84, "T", "DIP", "SW29_A_", "", "C", 157.48, 157.48, 157.48, 0],
		[504, "SW29_999", 2255.91, -3759.84, "B", "DIP", "SW29_A_", "", "C", 157.48, 157.48, 157.48, 0],
		[505, "SW29_999", 2455.91, -3759.84, "T", "DIP", "SW29_B_", "", "C", 66.93, 66.93, 66.93, 0],
		[506, "SW29_999", 2455.91, -3759.84, "B", "DIP", "SW29_B_", "", "C", 66.93, 66.93, 66.93, 0],
		[507, "SW30_1", 3107.87, -3559.84, "T", "DIP", "COL1", "", "C", 86.61, 86.61, 59.06, 0],
		[508, "SW30_1", 3107.87, -3559.84, "B", "DIP", "COL1", "", "C", 86.61, 86.61, 59.06, 0],
		[509, "SW30_2", 2857.87, -3659.84, "T", "DIP", "NET-(D27-PAD2)", "", "C", 86.61, 86.61, 59.06, 0],
		[510, "SW30_2", 2857.87, -3659.84, "B", "DIP", "NET-(D27-PAD2)", "", "C", 86.61, 86.61, 59.06, 0],
		[511, "SW30_999", 3207.87, -3759.84, "T", "DIP", "SW30_", "", "C", 66.93, 66.93, 66.93, 0],
		[512, "SW30_999", 3207.87, -3759.84, "B", "DIP", "SW30_", "", "C", 66.93, 66.93, 66.93, 0],
		[513, "SW30_999", 3007.87, -3759.84, "T", "DIP", "SW30_A_", "", "C", 157.48, 157.48, 157.48, 0],
		[514, "SW30_999", 3007.87, -3759.84, "B", "DIP", "SW30_A_", "", "C", 157.48, 157.48, 157.48, 0],
		[515, "SW30_999", 2807.87, -3759.84, "T", "DIP", "SW30_B_", "", "C", 66.93, 66.93, 66.93, 0],
		[516, "SW30_999", 2807.87, -3759.84, "B", "DIP", "SW30_B_", "", "C", 66.93, 66.93, 66.93, 0],
		[517, "SW31_1", 3859.84, -3559.84, "T", "DIP", "COL1", "", "C", 86.61, 86.61, 59.06, 0],
		[518, "SW31_1", 3859.84, -3559.84, "B", "DIP", "COL1", "", "C", 86.61, 86.61, 59.06, 0],
		[519, "SW31_2", 3609.84, -3659.84, "T", "DIP", "NET-(D28-PAD2)", "", "C", 86.61, 86.61, 59.06, 0],
		[520, "SW31_2", 3609.84, -3659.84, "B", "DIP", "NET-(D28-PAD2)", "", "C", 86.61, 86.61, 59.06, 0],
		[521, "SW31_999", 3959.84, -3759.84, "T", "DIP", "SW31_", "", "C", 66.93, 66.93, 66.93, 0],
		[522, "SW31_999", 3959.84, -3759.84, "B", "DIP", "SW31_", "", "C", 66.93, 66.93, 66.93, 0],
		[523, "SW31_999", 3559.84, -3759.84, "T", "DIP", "SW31_A_", "", "C", 66.93, 66.93, 66.93, 0],
		[524, "SW31_999", 3559.84, -3759.84, "B", "DIP", "SW31_A_", "", "C", 66.93, 66.93, 66.93, 0],
		[525, "SW31_999", 3759.84, -3759.84, "T", "DIP", "SW31_B_", "", "C", 157.48, 157.48, 157.48, 0],
		[526, "SW31_999", 3759.84, -3759.84, "B", "DIP", "SW31_B_", "", "C", 157.48, 157.48, 157.48, 0],
		[527, "SW32_1", 4611.81, -3559.84, "T", "DIP", "COL2", "", "C", 86.61, 86.61, 59.06, 0],
		[528, "SW32_1", 4611.81, -3559.84, "B", "DIP", "COL2", "", "C", 86.61, 86.61, 59.06, 0],
		[529, "SW32_2", 4361.81, -3659.84, "T", "DIP", "NET-(D29-PAD2)", "", "C", 86.61, 86.61, 59.06, 0],
		[530, "SW32_2", 4361.81, -3659.84, "B", "DIP", "NET-(D29-PAD2)", "", "C", 86.61, 86.61, 59.06, 0],
		[531, "SW32_999", 4711.81, -3759.84, "T", "DIP", "SW32_", "", "C", 66.93, 66.93, 66.93, 0],
		[532, "SW32_999", 4711.81, -3759.84, "B", "DIP", "SW32_", "", "C", 66.93, 66.93, 66.93, 0],
		[533, "SW32_999", 4311.81, -3759.84, "T", "DIP", "SW32_A_", "", "C", 66.93, 66.93, 66.93, 0],
		[534, "SW32_999", 4311.81, -3759.84, "B", "DIP", "SW32_A_", "", "C", 66.93, 66.93, 66.93, 0],
		[535, "SW32_999", 4511.81, -3759.84, "T", "DIP", "SW32_B_", "", "C", 157.48, 157.48, 157.48, 0],
		[536, "SW32_999", 4511.81, -3759.84, "B", "DIP", "SW32_B_", "", "C", 157.48, 157.48, 157.48, 0],
		[537, "SW33_1", 5363.78, -3559.84, "T", "DIP", "COL2", "", "C", 86.61, 86.61, 59.06, 0],
		[538, "SW33_1", 5363.78, -3559.84, "B", "DIP", "COL2", "", "C", 86.61, 86.61, 59.06, 0],
		[539, "SW33_2", 5113.78, -3659.84, "T", "DIP", "NET-(D30-PAD2)", "", "C", 86.61, 86.61, 59.06, 0],
		[540, "SW33_2", 5113.78, -3659.84, "B", "DIP", "NET-(D30-PAD2)", "", "C", 86.61, 86.61, 59.06, 0],
		[541, "SW33_999", 5463.78, -3759.84, "T", "DIP", "SW33_", "", "C", 66.93, 66.93, 66.93, 0],
		[542, "SW33_999", 5463.78, -3759.84, "B", "DIP", "SW33_", "", "C", 66.93, 66.93, 66.93, 0],
		[543, "SW33_999", 5263.78, -3759.84, "T", "DIP", "SW33_A_", "", "C", 157.48, 157.48, 157.48, 0],
		[544, "SW33_999", 5263.78, -3759.84, "B", "DIP", "SW33_A_", "", "C", 157.48, 157.48, 157.48, 0],
		[545, "SW33_999", 5063.78, -3759.84, "T", "DIP", "SW33_B_", "", "C", 66.93, 66.93, 66.93, 0],
		[546, "SW33_999", 5063.78, -3759.84, "B", "DIP", "SW33_B_", "", "C", 66.93, 66.93, 66.93, 0],
		[547, "SW34_1", 6115.75, -3559.84, "T", "DIP", "COL3", "", "C", 86.61, 86.61, 59.06, 0],
		[548, "SW34_1", 6115.75, -3559.84, "B", "DIP", "COL3", "", "C", 86.61, 86.61, 59.06, 0],
		[549, "SW34_2", 5865.75, -3659.84, "T", "DIP", "NET-(D31-PAD2)", "", "C", 86.61, 86.61, 59.06, 0],
		[550, "SW34_2", 5865.75, -3659.84, "B", "DIP", "NET-(D31-PAD2)", "", "C", 86.61, 86.61, 59.06, 0],
		[551, "SW34_999", 6215.75, -3759.84, "T", "DIP", "SW34_", "", "C", 66.93, 66.93, 66.93, 0],
		[552, "SW34_999", 6215.75, -3759.84, "B", "DIP", "SW34_", "", "C", 66.93, 66.93, 66.93, 0],
		[553, "SW34_999", 6015.75, -3759.84, "T", "DIP", "SW34_A_", "", "C", 157.48, 157.48, 157.48, 0],
		[554, "SW34_999", 6015.75, -3759.84, "B", "DIP", "SW34_A_", "", "C", 157.48, 157.48, 157.48, 0],
		[555, "SW34_999", 5815.75, -3759.84, "T", "DIP", "SW34_B_", "", "C", 66.93, 66.93, 66.93, 0],
		[556, "SW34_999", 5815.75, -3759.84, "B", "DIP", "SW34_B_", "", "C", 66.93, 66.93, 66.93, 0],
		[557, "SW35_1", 6867.72, -3559.84, "T", "DIP", "COL3", "", "C", 86.61, 86.61, 59.06, 0],
		[558, "SW35_1", 6867.72, -3559.84, "B", "DIP", "COL3", "", "C", 86.61, 86.61, 59.06, 0],
		[559, "SW35_2", 6617.72, -3659.84, "T", "DIP", "NET-(D32-PAD2)", "", "C", 86.61, 86.61, 59.06, 0],
		[560, "SW35_2", 6617.72, -3659.84, "B", "DIP", "NET-(D32-PAD2)", "", "C", 86.61, 86.61, 59.06, 0],
		[561, "SW35_999", 6567.72, -3759.84, "T", "DIP", "SW35_", "", "C", 66.93, 66.93, 66.93, 0],
		[562, "SW35_999", 6567.72, -3759.84, "B", "DIP", "SW35_", "", "C", 66.93, 66.93, 66.93, 0],
		[563, "SW35_999", 6767.72, -3759.84, "T", "DIP", "SW35_A_", "", "C", 157.48, 157.48, 157.48, 0],
		[564, "SW35_999", 6767.72, -3759.84, "B", "DIP", "SW35_A_", "", "C", 157.48, 157.48, 157.48, 0],
		[565, "SW35_999", 6967.72, -3759.84, "T", "DIP", "SW35_B_", "", "C", 66.93, 66.93, 66.93, 0],
		[566, "SW35_999", 6967.72, -3759.84, "B", "DIP", "SW35_B_", "", "C", 66.93, 66.93, 66.93, 0],
		[567, "SW36_1", 7619.69, -3559.84, "T", "DIP", "COL4", "", "C", 86.61, 86.61, 59.06, 0],
		[568, "SW36_1", 7619.69, -3559.84, "B", "DIP", "COL4", "", "C", 86.61, 86.61, 59.06, 0],
		[569, "SW36_2", 7369.69, -3659.84, "T", "DIP", "NET-(D33-PAD2)", "", "C", 86.61, 86.61, 59.06, 0],
		[570, "SW36_2", 7369.69, -3659.84, "B", "DIP", "NET-(D33-PAD2)", "", "C", 86.61, 86.61, 59.06, 0],
		[571, "SW36_999", 7319.69, -3759.84, "T", "DIP", "SW36_", "", "C", 66.93, 66.93, 66.93, 0],
		[572, "SW36_999", 7319.69, -3759.84, "B", "DIP", "SW36_", "", "C", 66.93, 66.93, 66.93, 0],
		[573, "SW36_999", 7519.69, -3759.84, "T", "DIP", "SW36_A_", "", "C", 157.48, 157.48, 157.48, 0],
		[574, "SW36_999", 7519.69, -3759.84, "B", "DIP", "SW36_A_", "", "C", 157.48, 157.48, 157.48, 0],
		[575, "SW36_999", 7719.69, -3759.84, "T", "DIP", "SW36_B_", "", "C", 66.93, 66.93, 66.93, 0],
		[576, "SW36_999", 7719.69, -3759.84, "B", "DIP", "SW36_B_", "", "C", 66.93, 66.93, 66.93, 0],
		[577, "SW37_1", 8371.65, -3559.84, "T", "DIP", "COL4", "", "C", 86.61, 86.61, 59.06, 0],
		[578, "SW37_1", 8371.65, -3559.84, "B", "DIP", "COL4", "", "C", 86.61, 86.61, 59.06, 0],
		[579, "SW37_2", 8121.65, -3659.84, "T", "DIP", "NET-(D34-PAD2)", "", "C", 86.61, 86.61, 59.06, 0],
		[580, "SW37_2", 8121.65, -3659.84, "B", "DIP", "NET-(D34-PAD2)", "", "C", 86.61, 86.61, 59.06, 0],
		[581, "SW37_999", 8071.65, -3759.84, "T", "DIP", "SW37_", "", "C", 66.93, 66.93, 66.93, 0],
		[582, "SW37_999", 8071.65, -3759.84, "B", "DIP", "SW37_", "", "C", 66.93, 66.93, 66.93, 0],
		[583, "SW37_999", 8271.65, -3759.84, "T", "DIP", "SW37_A_", "", "C", 157.48, 157.48, 157.48, 0],
		[584, "SW37_999", 8271.65, -3759.84, "B", "DIP", "SW37_A_", "", "C", 157.48, 157.48, 157.48, 0],
		[585, "SW37_999", 8471.65, -3759.84, "T", "DIP", "SW37_B_", "", "C", 66.93, 66.93, 66.93, 0],
		[586, "SW37_999", 8471.65, -3759.84, "B", "DIP", "SW37_B_", "", "C", 66.93, 66.93, 66.93, 0],
		[587, "SW38_1", 9123.62, -3559.84, "T", "DIP", "ROTB", "", "C", 86.61, 86.61, 59.06, 0],
		[588, "SW38_1", 9123.62, -3559.84, "B", "DIP", "ROTB", "", "C", 86.61, 86.61, 59.06, 0],
		[589, "SW38_2", 8873.62, -3659.84, "T", "DIP", "NET-(D35-PAD2)", "", "C", 86.61, 86.61, 59.06, 0],
		[590, "SW38_2", 8873.62, -3659.84, "B", "DIP", "NET-(D35-PAD2)", "", "C", 86.61, 86.61, 59.06, 0],
		[591, "SW38_999", 9223.62, -3759.84, "T", "DIP", "SW38_", "", "C", 66.93, 66.93, 66.93, 0],
		[592, "SW38_999", 9223.62, -3759.84, "B", "DIP", "SW38_", "", "C", 66.93, 66.93, 66.93, 0],
		[593, "SW38_999", 9023.62, -3759.84, "T", "DIP", "SW38_A_", "", "C", 157.48, 157.48, 157.48, 0],
		[594, "SW38_999", 9023.62, -3759.84, "B", "DIP", "SW38_A_", "", "C", 157.48, 157.48, 157.48, 0],
		[595, "SW38_999", 8823.62, -3759.84, "T", "DIP", "SW38_B_", "", "C", 66.93, 66.93, 66.93, 0],
		[596, "SW38_999", 8823.62, -3759.84, "B", "DIP", "SW38_B_", "", "C", 66.93, 66.93, 66.93, 0],
		[597, "SW39_1", 10157.58, -3559.84, "T", "DIP", "ROTB", "", "C", 86.61, 86.61, 59.06, 0],
		[598, "SW39_1", 10157.58, -3559.84, "B", "DIP", "ROTB", "", "C", 86.61, 86.61, 59.06, 0],
		[599, "SW39_2", 9907.58, -3659.84, "T", "DIP", "NET-(D36-PAD2)", "", "C", 86.61, 86.61, 59.06, 0],
		[600, "SW39_2", 9907.58, -3659.84, "B", "DIP", "NET-(D36-PAD2)", "", "C", 86.61, 86.61, 59.06, 0],
		[601, "SW39_999", 10057.58, -3759.84, "T", "DIP", "SW39_", "", "C", 157.48, 157.48, 157.48, 0],
		[602, "SW39_999", 10057.58, -3759.84, "B", "DIP", "SW39_", "", "C", 157.48, 157.48, 157.48, 0],
		[603, "SW39_999", 9857.58, -3759.84, "T", "DIP", "SW39_A_", "", "C", 66.93, 66.93, 66.93, 0],
		[604, "SW39_999", 9857.58, -3759.84, "B", "DIP", "SW39_A_", "", "C", 66.93, 66.93, 66.93, 0],
		[605, "SW39_999", 10257.58, -3759.84, "T", "DIP", "SW39_B_", "", "C", 66.93, 66.93, 66.93, 0],
		[606, "SW39_999", 10257.58, -3759.84, "B", "DIP", "SW39_B_", "", "C", 66.93, 66.93, 66.93, 0],
		[607, "SW40_1", 3107.87, -4311.81, "T", "DIP", "COL1", "", "C", 86.61, 86.61, 59.06, 0],
		[608, "SW40_1", 3107.87, -4311.81, "B", "DIP", "COL1", "", "C", 86.61, 86.61, 59.06, 0],
		[609, "SW40_2", 2857.87, -4411.81, "T", "DIP", "NET-(D40-PAD2)", "", "C", 86.61, 86.61, 59.06, 0],
		[610, "SW40_2", 2857.87, -4411.81, "B", "DIP", "NET-(D40-PAD2)", "", "C", 86.61, 86.61, 59.06, 0],
		[611, "SW40_999", 2807.87, -4511.81, "T", "DIP", "SW40_", "", "C", 66.93, 66.93, 66.93, 0],
		[612, "SW40_999", 2807.87, -4511.81, "B", "DIP", "SW40_", "", "C", 66.93, 66.93, 66.93, 0],
		[613, "SW40_999", 3007.87, -4511.81, "T", "DIP", "SW40_A_", "", "C", 157.48, 157.48, 157.48, 0],
		[614, "SW40_999", 3007.87, -4511.81, "B", "DIP", "SW40_A_", "", "C", 157.48, 157.48, 157.48, 0],
		[615, "SW40_999", 3207.87, -4511.81, "T", "DIP", "SW40_B_", "", "C", 66.93, 66.93, 66.93, 0],
		[616, "SW40_999", 3207.87, -4511.81, "B", "DIP", "SW40_B_", "", "C", 66.93, 66.93, 66.93, 0],
		[617, "SW41_1", 5740.16, -4313.78, "T", "DIP", "COL2", "", "C", 86.61, 86.61, 59.06, 0],
		[618, "SW41_1", 5740.16, -4313.78, "B", "DIP", "COL2", "", "C", 86.61, 86.61, 59.06, 0],
		[619, "SW41_2", 5490.16, -4413.78, "T", "DIP", "NET-(D42-PAD2)", "", "C", 86.61, 86.61, 59.06, 0],
		[620, "SW41_2", 5490.16, -4413.78, "B", "DIP", "NET-(D42-PAD2)", "", "C", 86.61, 86.61, 59.06, 0],
		[621, "SW41_999", 5840.16, -4513.78, "T", "DIP", "SW41_", "", "C", 66.93, 66.93, 66.93, 0],
		[622, "SW41_999", 5840.16, -4513.78, "B", "DIP", "SW41_", "", "C", 66.93, 66.93, 66.93, 0],
		[623, "SW41_999", 5640.16, -4513.78, "T", "DIP", "SW41_A_", "", "C", 157.48, 157.48, 157.48, 0],
		[624, "SW41_999", 5640.16, -4513.78, "B", "DIP", "SW41_A_", "", "C", 157.48, 157.48, 157.48, 0],
		[625, "SW41_999", 5440.16, -4513.78, "T", "DIP", "SW41_B_", "", "C", 66.93, 66.93, 66.93, 0],
		[626, "SW41_999", 5440.16, -4513.78, "B", "DIP", "SW41_B_", "", "C", 66.93, 66.93, 66.93, 0],
		[627, "SW42_1", 8653.64, -4311.81, "T", "DIP", "COL3", "", "C", 86.61, 86.61, 59.06, 0],
		[628, "SW42_1", 8653.64, -4311.81, "B", "DIP", "COL3", "", "C", 86.61, 86.61, 59.06, 0],
		[629, "SW42_2", 8403.64, -4411.81, "T", "DIP", "NET-(D37-PAD2)", "", "C", 86.61, 86.61, 59.06, 0],
		[630, "SW42_2", 8403.64, -4411.81, "B", "DIP", "NET-(D37-PAD2)", "", "C", 86.61, 86.61, 59.06, 0],
		[631, "SW42_999", 8353.64, -4511.81, "T", "DIP", "SW42_", "", "C", 66.93, 66.93, 66.93, 0],
		[632, "SW42_999", 8353.64, -4511.81, "B", "DIP", "SW42_", "", "C", 66.93, 66.93, 66.93, 0],
		[633, "SW42_999", 8753.64, -4511.81, "T", "DIP", "SW42_A_", "", "C", 66.93, 66.93, 66.93, 0],
		[634, "SW42_999", 8753.64, -4511.81, "B", "DIP", "SW42_A_", "", "C", 66.93, 66.93, 66.93, 0],
		[635, "SW42_999", 8553.64, -4511.81, "T", "DIP", "SW42_B_", "", "C", 157.48, 157.48, 157.48, 0],
		[636, "SW42_999", 8553.64, -4511.81, "B", "DIP", "SW42_B_", "", "C", 157.48, 157.48, 157.48, 0],
		[637, "SW43_1", 1509.94, -4311.81, "T", "DIP", "COL0", "", "C", 86.61, 86.61, 59.06, 0],
		[638, "SW43_1", 1509.94, -4311.81, "B", "DIP", "COL0", "", "C", 86.61, 86.61, 59.06, 0],
		[639, "SW43_2", 1259.94, -4411.81, "T", "DIP", "NET-(D38-PAD2)", "", "C", 86.61, 86.61, 59.06, 0],
		[640, "SW43_2", 1259.94, -4411.81, "B", "DIP", "NET-(D38-PAD2)", "", "C", 86.61, 86.61, 59.06, 0],
		[641, "SW43_999", 1209.94, -4511.81, "T", "DIP", "SW43_", "", "C", 66.93, 66.93, 66.93, 0],
		[642, "SW43_999", 1209.94, -4511.81, "B", "DIP", "SW43_", "", "C", 66.93, 66.93, 66.93, 0],
		[643, "SW43_999", 1409.94, -4511.81, "T", "DIP", "SW43_A_", "", "C", 157.48, 157.48, 157.48, 0],
		[644, "SW43_999", 1409.94, -4511.81, "B", "DIP", "SW43_A_", "", "C", 157.48, 157.48, 157.48, 0],
		[645, "SW43_999", 1609.94, -4511.81, "T", "DIP", "SW43_B_", "", "C", 66.93, 66.93, 66.93, 0],
		[646, "SW43_999", 1609.94, -4511.81, "B", "DIP", "SW43_B_", "", "C", 66.93, 66.93, 66.93, 0],
		[647, "SW44_1", 2355.91, -4311.81, "T", "DIP", "COL0", "", "C", 86.61, 86.61, 59.06, 0],
		[648, "SW44_1", 2355.91, -4311.81, "B", "DIP", "COL0", "", "C", 86.61, 86.61, 59.06, 0],
		[649, "SW44_2", 2105.91, -4411.81, "T", "DIP", "NET-(D39-PAD2)", "", "C", 86.61, 86.61, 59.06, 0],
		[650, "SW44_2", 2105.91, -4411.81, "B", "DIP", "NET-(D39-PAD2)", "", "C", 86.61, 86.61, 59.06, 0],
		[651, "SW44_999", 2055.91, -4511.81, "T", "DIP", "SW44_", "", "C", 66.93, 66.93, 66.93, 0],
		[652, "SW44_999", 2055.91, -4511.81, "B", "DIP", "SW44_", "", "C", 66.93, 66.93, 66.93, 0],
		[653, "SW44_999", 2255.91, -4511.81, "T", "DIP", "SW44_A_", "", "C", 157.48, 157.48, 157.48, 0],
		[654, "SW44_999", 2255.91, -4511.81, "B", "DIP", "SW44_A_", "", "C", 157.48, 157.48, 157.48, 0],
		[655, "SW44_999", 2455.91, -4511.81, "T", "DIP", "SW44_B_", "", "C", 66.93, 66.93, 66.93, 0],
		[656, "SW44_999", 2455.91, -4511.81, "B", "DIP", "SW44_B_", "", "C", 66.93, 66.93, 66.93, 0],
		[657, "SW45_1", 3201.87, -4311.81, "T", "DIP", "COL1", "", "C", 86.61, 86.61, 59.06, 0],
		[658, "SW45_1", 3201.87, -4311.81, "B", "DIP", "COL1", "", "C", 86.61, 86.61, 59.06, 0],
		[659, "SW45_2", 2951.87, -4411.81, "T", "DIP", "NET-(D40-PAD2)", "", "C", 86.61, 86.61, 59.06, 0],
		[660, "SW45_2", 2951.87, -4411.81, "B", "DIP", "NET-(D40-PAD2)", "", "C", 86.61, 86.61, 59.06, 0],
		[661, "SW45_999", 3301.87, -4511.81, "T", "DIP", "SW45_", "", "C", 66.93, 66.93, 66.93, 0],
		[662, "SW45_999", 3301.87, -4511.81, "B", "DIP", "SW45_", "", "C", 66.93, 66.93, 66.93, 0],
		[663, "SW45_999", 3101.87, -4511.81, "T", "DIP", "SW45_A_", "", "C", 157.48, 157.48, 157.48, 0],
		[664, "SW45_999", 3101.87, -4511.81, "B", "DIP", "SW45_A_", "", "C", 157.48, 157.48, 157.48, 0],
		[665, "SW45_999", 2901.87, -4511.81, "T", "DIP", "SW45_B_", "", "C", 66.93, 66.93, 66.93, 0],
		[666, "SW45_999", 2901.87, -4511.81, "B", "DIP", "SW45_B_", "", "C", 66.93, 66.93, 66.93, 0],
		[667, "SW46_1", 4521.65, -4312.52, "T", "DIP", "COL2", "", "C", 86.61, 86.61, 59.06, 0],
		[668, "SW46_1", 4521.65, -4312.52, "B", "DIP", "COL2", "", "C", 86.61, 86.61, 59.06, 0],
		[669, "SW46_2", 4271.65, -4412.52, "T", "DIP", "NET-(D41-PAD2)", "", "C", 86.61, 86.61, 59.06, 0],
		[670, "SW46_2", 4271.65, -4412.52, "B", "DIP", "NET-(D41-PAD2)", "", "C", 86.61, 86.61, 59.06, 0],
		[671, "SW46_999", 3953.15, -4188.11, "T", "DIP", "SW46_", "", "C", 157.48, 157.48, 157.48, 180],
		[672, "SW46_999", 3953.15, -4188.11, "B", "DIP", "SW46_", "", "C", 157.48, 157.48, 157.48, 180],
		[673, "SW46_999", 4221.65, -4512.52, "T", "DIP", "SW46_A_", "", "C", 66.93, 66.93, 66.93, 0],
		[674, "SW46_999", 4221.65, -4512.52, "B", "DIP", "SW46_A_", "", "C", 66.93, 66.93, 66.93, 0],
		[675, "SW46_999", 4890.16, -4188.11, "T", "DIP", "SW46_B_", "", "C", 157.48, 157.48, 157.48, 180],
		[676, "SW46_999", 4890.16, -4188.11, "B", "DIP", "SW46_B_", "", "C", 157.48, 157.48, 157.48, 180],
		[677, "SW46_999", 3953.15, -4788.11, "T", "DIP", "SW46_C_", "", "C", 120.08, 120.08, 120.08, 180],
		[678, "SW46_999", 3953.15, -4788.11, "B", "DIP", "SW46_C_", "", "C", 120.08, 120.08, 120.08, 180],
		[679, "SW46_999", 4890.16, -4788.11, "T", "DIP", "SW46_D_", "", "C", 120.08, 120.08, 120.08, 180],
		[680, "SW46_999", 4890.16, -4788.11, "B", "DIP", "SW46_D_", "", "C", 120.08, 120.08, 120.08, 180],
		[681, "SW46_999", 4421.65, -4512.52, "T", "DIP", "SW46_E_", "", "C", 157.48, 157.48, 157.48, 0],
		[682, "SW46_999", 4421.65, -4512.52, "B", "DIP", "SW46_E_", "", "C", 157.48, 157.48, 157.48, 0],
		[683, "SW46_999", 4621.65, -4512.52, "T", "DIP", "SW46_F_", "", "C", 66.93, 66.93, 66.93, 0],
		[684, "SW46_999", 4621.65, -4512.52, "B", "DIP", "SW46_F_", "", "C", 66.93, 66.93, 66.93, 0],
		[685, "SW47_1", 5833.76, -4312.2, "T", "DIP", "COL2", "", "C", 86.61, 86.61, 59.06, 0],
		[686, "SW47_1", 5833.76, -4312.2, "B", "DIP", "COL2", "", "C", 86.61, 86.61, 59.06, 0],
		[687, "SW47_2", 5583.76, -4412.2, "T", "DIP", "NET-(D42-PAD2)", "", "C", 86.61, 86.61, 59.06, 0],
		[688, "SW47_2", 5583.76, -4412.2, "B", "DIP", "NET-(D42-PAD2)", "", "C", 86.61, 86.61, 59.06, 0],
		[689, "SW47_999", 5733.76, -4512.2, "T", "DIP", "SW47_", "", "C", 157.48, 157.48, 157.48, 0],
		[690, "SW47_999", 5733.76, -4512.2, "B", "DIP", "SW47_", "", "C", 157.48, 157.48, 157.48, 0],
		[691, "SW47_999", 7702.26, -4187.8, "T", "DIP", "SW47_A_", "", "C", 157.48, 157.48, 157.48, 180],
		[692, "SW47_999", 7702.26, -4187.8, "B", "DIP", "SW47_A_", "", "C", 157.48, 157.48, 157.48, 180],
		[693, "SW47_999", 3765.26, -4187.8, "T", "DIP", "SW47_B_", "", "C", 157.48, 157.48, 157.48, 180],
		[694, "SW47_999", 3765.26, -4187.8, "B", "DIP", "SW47_B_", "", "C", 157.48, 157.48, 157.48, 180],
		[695, "SW47_999", 3765.26, -4787.8, "T", "DIP", "SW47_C_", "", "C", 120.08, 120.08, 120.08, 180],
		[696, "SW47_999", 3765.26, -4787.8, "B", "DIP", "SW47_C_", "", "C", 120.08, 120.08, 120.08, 180],
		[697, "SW47_999", 5933.76, -4512.2, "T", "DIP", "SW47_D_", "", "C", 66.93, 66.93, 66.93, 0],
		[698, "SW47_999", 5933.76, -4512.2, "B", "DIP", "SW47_D_", "", "C", 66.93, 66.93, 66.93, 0],
		[699, "SW47_999", 5533.76, -4512.2, "T", "DIP", "SW47_E_", "", "C", 66.93, 66.93, 66.93, 0],
		[700, "SW47_999", 5533.76, -4512.2, "B", "DIP", "SW47_E_", "", "C", 66.93, 66.93, 66.93, 0],
		[701, "SW47_999", 7702.26, -4787.8, "T", "DIP", "SW47_F_", "", "C", 120.08, 120.08, 120.08, 180],
		[702, "SW47_999", 7702.26, -4787.8, "B", "DIP", "SW47_F_", "", "C", 120.08, 120.08, 120.08, 180],
		[703, "SW48_1", 7146.46, -4311.42, "T", "DIP", "COL3", "", "C", 86.61, 86.61, 59.06, 0],
		[704, "SW48_1", 7146.46, -4311.42, "B", "DIP", "COL3", "", "C", 86.61, 86.61, 59.06, 0],
		[705, "SW48_2", 6896.46, -4411.42, "T", "DIP", "NET-(D43-PAD2)", "", "C", 86.61, 86.61, 59.06, 0],
		[706, "SW48_2", 6896.46, -4411.42, "B", "DIP", "NET-(D43-PAD2)", "", "C", 86.61, 86.61, 59.06, 0],
		[707, "SW48_999", 6577.95, -4187.01, "T", "DIP", "SW48_", "", "C", 157.48, 157.48, 157.48, 180],
		[708, "SW48_999", 6577.95, -4187.01, "B", "DIP", "SW48_", "", "C", 157.48, 157.48, 157.48, 180],
		[709, "SW48_999", 7514.96, -4187.01, "T", "DIP", "SW48_A_", "", "C", 157.48, 157.48, 157.48, 180],
		[710, "SW48_999", 7514.96, -4187.01, "B", "DIP", "SW48_A_", "", "C", 157.48, 157.48, 157.48, 180],
		[711, "SW48_999", 6577.95, -4787.01, "T", "DIP", "SW48_B_", "", "C", 120.08, 120.08, 120.08, 180],
		[712, "SW48_999", 6577.95, -4787.01, "B", "DIP", "SW48_B_", "", "C", 120.08, 120.08, 120.08, 180],
		[713, "SW48_999", 7514.96, -4787.01, "T", "DIP", "SW48_C_", "", "C", 120.08, 120.08, 120.08, 180],
		[714, "SW48_999", 7514.96, -4787.01, "B", "DIP", "SW48_C_", "", "C", 120.08, 120.08, 120.08, 180],
		[715, "SW48_999", 7046.46, -4511.42, "T", "DIP", "SW48_D_", "", "C", 157.48, 157.48, 157.48, 0],
		[716, "SW48_999", 7046.46, -4511.42, "B", "DIP", "SW48_D_", "", "C", 157.48, 157.48, 157.48, 0],
		[717, "SW48_999", 6846.46, -4511.42, "T", "DIP", "SW48_E_", "", "C", 66.93, 66.93, 66.93, 0],
		[718, "SW48_999", 6846.46, -4511.42, "B", "DIP", "SW48_E_", "", "C", 66.93, 66.93, 66.93, 0],
		[719, "SW48_999", 7246.46, -4511.42, "T", "DIP", "SW48_F_", "", "C", 66.93, 66.93, 66.93, 0],
		[720, "SW48_999", 7246.46, -4511.42, "B", "DIP", "SW48_F_", "", "C", 66.93, 66.93, 66.93, 0],
		[721, "SW49_1", 9499.61, -4311.81, "T", "DIP", "COL4", "", "C", 86.61, 86.61, 59.06, 0],
		[722, "SW49_1", 9499.61, -4311.81, "B", "DIP", "COL4", "", "C", 86.61, 86.61, 59.06, 0],
		[723, "SW49_2", 9249.61, -4411.81, "T", "DIP", "NET-(D44-PAD2)", "", "C", 86.61, 86.61, 59.06, 0],
		[724, "SW49_2", 9249.61, -4411.81, "B", "DIP", "NET-(D44-PAD2)", "", "C", 86.61, 86.61, 59.06, 0],
		[725, "SW49_999", 9199.61, -4511.81, "T", "DIP", "SW49_", "", "C", 66.93, 66.93, 66.93, 0],
		[726, "SW49_999", 9199.61, -4511.81, "B", "DIP", "SW49_", "", "C", 66.93, 66.93, 66.93, 0],
		[727, "SW49_999", 9399.61, -4511.81, "T", "DIP", "SW49_A_", "", "C", 157.48, 157.48, 157.48, 0],
		[728, "SW49_999", 9399.61, -4511.81, "B", "DIP", "SW49_A_", "", "C", 157.48, 157.48, 157.48, 0],
		[729, "SW49_999", 9599.61, -4511.81, "T", "DIP", "SW49_B_", "", "C", 66.93, 66.93, 66.93, 0],
		[730, "SW49_999", 9599.61, -4511.81, "B", "DIP", "SW49_B_", "", "C", 66.93, 66.93, 66.93, 0],
		[731, "SW50_1", 10345.57, -4311.81, "T", "DIP", "COL4", "", "C", 86.61, 86.61, 59.06, 0],
		[732, "SW50_1", 10345.57, -4311.81, "B", "DIP", "COL4", "", "C", 86.61, 86.61, 59.06, 0],
		[733, "SW50_2", 10095.57, -4411.81, "T", "DIP", "NET-(D45-PAD2)", "", "C", 86.61, 86.61, 59.06, 0],
		[734, "SW50_2", 10095.57, -4411.81, "B", "DIP", "NET-(D45-PAD2)", "", "C", 86.61, 86.61, 59.06, 0],
		[735, "SW50_999", 10445.57, -4511.81, "T", "DIP", "SW50_", "", "C", 66.93, 66.93, 66.93, 0],
		[736, "SW50_999", 10445.57, -4511.81, "B", "DIP", "SW50_", "", "C", 66.93, 66.93, 66.93, 0],
		[737, "SW50_999", 10245.57, -4511.81, "T", "DIP", "SW50_A_", "", "C", 157.48, 157.48, 157.48, 0],
		[738, "SW50_999", 10245.57, -4511.81, "B", "DIP", "SW50_A_", "", "C", 157.48, 157.48, 157.48, 0],
		[739, "SW50_999", 10045.57, -4511.81, "T", "DIP", "SW50_B_", "", "C", 66.93, 66.93, 66.93, 0],
		[740, "SW50_999", 10045.57, -4511.81, "B", "DIP", "SW50_B_", "", "C", 66.93, 66.93, 66.93, 0],
		[741, "SW51_999", 8454.53, -1435, "T", "DIP", "SW51_", "", "R", 125.98, 78.74, 110.24, 270],
		[742, "SW51_999", 8454.53, -1435, "B", "DIP", "SW51_", "", "R", 125.98, 78.74, 110.24, 270],
		[743, "SW51_999", 8895.47, -1435, "T", "DIP", "SW51_A_", "", "R", 125.98, 78.74, 110.24, 270],
		[744, "SW51_999", 8895.47, -1435, "B", "DIP", "SW51_A_", "", "R", 125.98, 78.74, 110.24, 270],
		[745, "SW51_A", 8773.43, -1139.72, "T", "DIP", "ENCA", "", "R", 78.74, 78.74, 39.37, 270],
		[746, "SW51_A", 8773.43, -1139.72, "B", "DIP", "ENCA", "", "R", 78.74, 78.74, 39.37, 270],
		[747, "SW51_B", 8576.57, -1139.72, "T", "DIP", "ENCB", "", "C", 78.74, 78.74, 39.37, 270],
		[748, "SW51_B", 8576.57, -1139.72, "B", "DIP", "ENCB", "", "C", 78.74, 78.74, 39.37, 270],
		[749, "SW51_C", 8675, -1139.72, "T", "DIP", "GND", "GND", "C", 78.74, 78.74, 39.37, 270],
		[750, "SW51_C", 8675, -1139.72, "B", "DIP", "GND", "GND", "C", 78.74, 78.74, 39.37, 270],
		[751, "SW51_S1", 8576.57, -1710.59, "T", "DIP", "ROTB", "", "C", 78.74, 78.74, 39.37, 270],
		[752, "SW51_S1", 8576.57, -1710.59, "B", "DIP", "ROTB", "", "C", 78.74, 78.74, 39.37, 270],
		[753, "SW51_S2", 8773.43, -1710.59, "T", "DIP", "ROTA", "", "C", 78.74, 78.74, 39.37, 270],
		[754, "SW51_S2", 8773.43, -1710.59, "B", "DIP", "ROTA", "", "C", 78.74, 78.74, 39.37, 270],
		[755, "SW52_1", 9270, -1635, "T", "DIP", "ROTB", "", "C", 86.61, 86.61, 59.06, 180],
		[756, "SW52_1", 9270, -1635, "B", "DIP", "ROTB", "", "C", 86.61, 86.61, 59.06, 180],
		[757, "SW52_2", 9520, -1535, "T", "DIP", "ROTC", "", "C", 86.61, 86.61, 59.06, 180],
		[758, "SW52_2", 9520, -1535, "B", "DIP", "ROTC", "", "C", 86.61, 86.61, 59.06, 180],
		[759, "SW52_999", 9570, -1435, "T", "DIP", "SW52_", "", "C", 66.93, 66.93, 66.93, 180],
		[760, "SW52_999", 9570, -1435, "B", "DIP", "SW52_", "", "C", 66.93, 66.93, 66.93, 180],
		[761, "SW52_999", 9370, -1435, "T", "DIP", "SW52_A_", "", "C", 157.48, 157.48, 157.48, 180],
		[762, "SW52_999", 9370, -1435, "B", "DIP", "SW52_A_", "", "C", 157.48, 157.48, 157.48, 180],
		[763, "SW52_999", 9170, -1435, "T", "DIP", "SW52_B_", "", "C", 66.93, 66.93, 66.93, 180],
		[764, "SW52_999", 9170, -1435, "B", "DIP", "SW52_B_", "", "C", 66.93, 66.93, 66.93, 180],
		[765, "SW53_999", 7859.53, -1435, "T", "DIP", "SW53_", "", "R", 125.98, 78.74, 110.24, 270],
		[766, "SW53_999", 7859.53, -1435, "B", "DIP", "SW53_", "", "R", 125.98, 78.74, 110.24, 270],
		[767, "SW53_999", 8300.47, -1435, "T", "DIP", "SW53_A_", "", "R", 125.98, 78.74, 110.24, 270],
		[768, "SW53_999", 8300.47, -1435, "B", "DIP", "SW53_A_", "", "R", 125.98, 78.74, 110.24, 270],
		[769, "SW53_A", 8178.43, -1139.72, "T", "DIP", "SDA", "", "R", 78.74, 78.74, 39.37, 270],
		[770, "SW53_A", 8178.43, -1139.72, "B", "DIP", "SDA", "", "R", 78.74, 78.74, 39.37, 270],
		[771, "SW53_B", 7981.57, -1139.72, "T", "DIP", "SCL", "", "C", 78.74, 78.74, 39.37, 270],
		[772, "SW53_B", 7981.57, -1139.72, "B", "DIP", "SCL", "", "C", 78.74, 78.74, 39.37, 270],
		[773, "SW53_C", 8080, -1139.72, "T", "DIP", "GND", "GND", "C", 78.74, 78.74, 39.37, 270],
		[774, "SW53_C", 8080, -1139.72, "B", "DIP", "GND", "GND", "C", 78.74, 78.74, 39.37, 270],
		[775, "SW53_S1", 7981.57, -1710.59, "T", "DIP", "ROTB", "", "C", 78.74, 78.74, 39.37, 270],
		[776, "SW53_S1", 7981.57, -1710.59, "B", "DIP", "ROTB", "", "C", 78.74, 78.74, 39.37, 270],
		[777, "SW53_S2", 8178.43, -1710.59, "T", "DIP", "ROTC", "", "C", 78.74, 78.74, 39.37, 270],
		[778, "SW53_S2", 8178.43, -1710.59, "B", "DIP", "ROTC", "", "C", 78.74, 78.74, 39.37, 270],
		[779, "SW54_1", 10210, -1645, "T", "DIP", "ROTB", "", "C", 86.61, 86.61, 59.06, 180],
		[780, "SW54_1", 10210, -1645, "B", "DIP", "ROTB", "", "C", 86.61, 86.61, 59.06, 180],
		[781, "SW54_2", 10460, -1545, "T", "DIP", "ROTA", "", "C", 86.61, 86.61, 59.06, 180],
		[782, "SW54_2", 10460, -1545, "B", "DIP", "ROTA", "", "C", 86.61, 86.61, 59.06, 180],
		[783, "SW54_999", 10110, -1445, "T", "DIP", "SW54_", "", "C", 66.93, 66.93, 66.93, 180],
		[784, "SW54_999", 10110, -1445, "B", "DIP", "SW54_", "", "C", 66.93, 66.93, 66.93, 180],
		[785, "SW54_999", 10310, -1445, "T", "DIP", "SW54_A_", "", "C", 157.48, 157.48, 157.48, 180],
		[786, "SW54_999", 10310, -1445, "B", "DIP", "SW54_A_", "", "C", 157.48, 157.48, 157.48, 180],
		[787, "SW54_999", 10510, -1445, "T", "DIP", "SW54_B_", "", "C", 66.93, 66.93, 66.93, 180],
		[788, "SW54_999", 10510, -1445, "B", "DIP", "SW54_B_", "", "C", 66.93, 66.93, 66.93, 180],
		[789, "U1_1", 1145, -1101, "T", "DIP", "ENCA", "", "R", 69, 69, 43, 0],
		[790, "U1_1", 1145, -1101, "B", "DIP", "ENCA", "", "R", 69, 69, 43, 0],
		[791, "U1_2", 1245, -1119, "T", "DIP", "ENCB", "", "C", 69, 69, 43, 0],
		[792, "U1_2", 1245, -1119, "B", "DIP", "ENCB", "", "C", 69, 69, 43, 0],
		[793, "U1_3", 1345, -1101, "T", "DIP", "GND", "GND", "C", 69, 69, 43, 0],
		[794, "U1_3", 1345, -1101, "B", "DIP", "GND", "GND", "C", 69, 69, 43, 0],
		[795, "U1_4", 1445, -1119, "T", "DIP", "GND", "GND", "C", 69, 69, 43, 0],
		[796, "U1_4", 1445, -1119, "B", "DIP", "GND", "GND", "C", 69, 69, 43, 0],
		[797, "U1_5", 1545, -1101, "T", "DIP", "SDA", "", "C", 69, 69, 43, 0],
		[798, "U1_5", 1545, -1101, "B", "DIP", "SDA", "", "C", 69, 69, 43, 0],
		[799, "U1_6", 1645, -1119, "T", "DIP", "SCL", "", "C", 69, 69, 43, 0],
		[800, "U1_6", 1645, -1119, "B", "DIP", "SCL", "", "C", 69, 69, 43, 0],
		[801, "U1_7", 1745, -1101, "T", "DIP", "ROWC", "", "C", 69, 69, 43, 0],
		[802, "U1_7", 1745, -1101, "B", "DIP", "ROWC", "", "C", 69, 69, 43, 0],
		[803, "U1_8", 1845, -1119, "T", "DIP", "ROWD", "", "C", 69, 69, 43, 0],
		[804, "U1_8", 1845, -1119, "B", "DIP", "ROWD", "", "C", 69, 69, 43, 0],
		[805, "U1_9", 1945, -1101, "T", "DIP", "ROWE", "", "C", 69, 69, 43, 0],
		[806, "U1_9", 1945, -1101, "B", "DIP", "ROWE", "", "C", 69, 69, 43, 0],
		[807, "U1_10", 2045, -1119, "T", "DIP", "ROWF", "", "C", 69, 69, 43, 0],
		[808, "U1_10", 2045, -1119, "B", "DIP", "ROWF", "", "C", 69, 69, 43, 0],
		[809, "U1_11", 2145, -1101, "T", "DIP", "ROWA", "", "C", 69, 69, 43, 0],
		[810, "U1_11", 2145, -1101, "B", "DIP", "ROWA", "", "C", 69, 69, 43, 0],
		[811, "U1_12", 2245, -1119, "T", "DIP", "ROWB", "", "C", 69, 69, 43, 0],
		[812, "U1_12", 2245, -1119, "B", "DIP", "ROWB", "", "C", 69, 69, 43, 0],
		[813, "U1_13", 2245, -1701, "T", "DIP", "ROTB", "", "C", 69, 69, 43, 0],
		[814, "U1_13", 2245, -1701, "B", "DIP", "ROTB", "", "C", 69, 69, 43, 0],
		[815, "U1_14", 2145, -1719, "T", "DIP", "COL4", "", "C", 69, 69, 43, 0],
		[816, "U1_14", 2145, -1719, "B", "DIP", "COL4", "", "C", 69, 69, 43, 0],
		[817, "U1_15", 2045, -1701, "T", "DIP", "COL3", "", "C", 69, 69, 43, 0],
		[818, "U1_15", 2045, -1701, "B", "DIP", "COL3", "", "C", 69, 69, 43, 0],
		[819, "U1_16", 1945, -1719, "T", "DIP", "COL2", "", "C", 69, 69, 43, 0],
		[820, "U1_16", 1945, -1719, "B", "DIP", "COL2", "", "C", 69, 69, 43, 0],
		[821, "U1_17", 1845, -1701, "T", "DIP", "COL1", "", "C", 69, 69, 43, 0],
		[822, "U1_17", 1845, -1701, "B", "DIP", "COL1", "", "C", 69, 69, 43, 0],
		[823, "U1_18", 1745, -1719, "T", "DIP", "COL0", "", "C", 69, 69, 43, 0],
		[824, "U1_18", 1745, -1719, "B", "DIP", "COL0", "", "C", 69, 69, 43, 0],
		[825, "U1_19", 1645, -1701, "T", "DIP", "ROWG", "", "C", 69, 69, 43, 0],
		[826, "U1_19", 1645, -1701, "B", "DIP", "ROWG", "", "C", 69, 69, 43, 0],
		[827, "U1_20", 1545, -1719, "T", "DIP", "ROWH", "", "C", 69, 69, 43, 0],
		[828, "U1_20", 1545, -1719, "B", "DIP", "ROWH", "", "C", 69, 69, 43, 0],
		[829, "U1_21", 1445, -1701, "T", "DIP", "VCC", "", "C", 69, 69, 43, 0],
		[830, "U1_21", 1445, -1701, "B", "DIP", "VCC", "", "C", 69, 69, 43, 0],
		[831, "U1_22", 1345, -1719, "T", "DIP", "UNCONNECTED-(U1-PAD22)", "", "C", 69, 69, 43, 0],
		[832, "U1_22", 1345, -1719, "B", "DIP", "UNCONNECTED-(U1-PAD22)", "", "C", 69, 69, 43, 0],
		[833, "U1_23", 1245, -1701, "T", "DIP", "GND", "GND", "C", 69, 69, 43, 0],
		[834, "U1_23", 1245, -1701, "B", "DIP", "GND", "GND", "C", 69, 69, 43, 0],
		[835, "U1_24", 1145, -1719, "T", "DIP", "UNCONNECTED-(U1-PAD24)", "", "C", 69, 69, 43, 0],
		[836, "U1_24", 1145, -1719, "B", "DIP", "UNCONNECTED-(U1-PAD24)", "", "C", 69, 69, 43, 0]
	]
}
}